"","cve_bandatos","cve_c_linea","cve","linea","estacion","direccion","ubicacion","tipo","el/es","cantidad"
"1","12-ATLA-ES-1","12-ATLA","ATLA","12","ATLALILCO","DIRECCIÓN MIXCOAC","ANDEN","ESCALERA ELECTROMECANICA","ES",1
"2","12-ATLA-ES-2","12-ATLA","ATLA","12","ATLALILCO","DIRECCIÓN MIXCOAC","ANDEN","ESCALERA ELECTROMECANICA","ES",2
"3","12-ATLA-ES-3","12-ATLA","ATLA","12","ATLALILCO","DIRECCIÓN TLÁHUAC","PASILLO COREESPONDENCIA L-8 A L-12","ESCALERA ELECTROMECANICA","ES",3
"4","12-ATLA-ES-4","12-ATLA","ATLA","12","ATLALILCO","DIRECCIÓN TLÁHUAC","PASILLO COREESPONDENCIA L-8 A L-13","ESCALERA ELECTROMECANICA","ES",4
"5","12-ATLA-ES-5","12-ATLA","ATLA","12","ATLALILCO","DIRECCIÓN TLÁHUAC","ANDEN","ESCALERA ELECTROMECANICA","ES",5
"6","12-ATLA-ES-6","12-ATLA","ATLA","12","ATLALILCO","PASILLO DE CORRESPONDENCIA","PASILLO DE CORRESPONDENCIA","ESCALERA ELECTROMECANICA","ES",6
"7","12-ATLA-ES-7","12-ATLA","ATLA","12","ATLALILCO","PASILLO DE CORRESPONDENCIA","PASILLO DE CORRESPONDENCIA","ESCALERA ELECTROMECANICA","ES",7
"8","12-ATLA-EL-1","12-ATLA","ATLA","12","ATLALILCO","MIXCOAC","ANDEN DIRECCION MIXCOAC","ELEVADOR","EL",1
"9","12-ATLA-EL-2","12-ATLA","ATLA","12","ATLALILCO","MIXCOAC","ANDEN DIRECCION TLAHUAC","ELEVADOR","EL",2
"10","12-CA11-ES-1","12-CA11","CA11","12","CALLE 11","DIRECCIÓN MIXCOAC","SALIDA","ESCALERA ELECTROMECANICA","ES",1
"11","12-CA11-ES-2","12-CA11","CA11","12","CALLE 11","DIRECCIÓN MIXCOAC","SALIDA","ESCALERA ELECTROMECANICA","ES",2
"12","12-CA11-ES-3","12-CA11","CA11","12","CALLE 11","DIRECCIÓN TLÁHUAC","SALIDA","ESCALERA ELECTROMECANICA","ES",3
"13","12-CA11-EL-1","12-CA11","CA11","12","CALLE 11","MIXCOAC","ANDEN DIRECCION MIXCOAC","ELEVADOR","EL",1
"14","12-CA11-EL-2","12-CA11","CA11","12","CALLE 11","TLAHUAC","ANDEN DIRECCION TLAHUAC","ELEVADOR","EL",2
"15","12-CULH-ES-1","12-CULH","CULH","12","CULHUACAN","DIRECCIÓN MIXCOAC","MEZAZINE","ESCALERA ELECTROMECANICA","ES",1
"16","12-CULH-ES-2","12-CULH","CULH","12","CULHUACAN","DIRECCIÓN MIXCOAC","MEZAZINE","ESCALERA ELECTROMECANICA","ES",2
"17","12-CULH-ES-3","12-CULH","CULH","12","CULHUACAN","DIRECCIÓN TLÁHUAC","MEZAZINE","ESCALERA ELECTROMECANICA","ES",3
"18","12-CULH-ES-4","12-CULH","CULH","12","CULHUACAN","DIRECCIÓN TLÁHUAC","MEZAZINE","ESCALERA ELECTROMECANICA","ES",4
"19","12-CULH-EL-1","12-CULH","CULH","12","CULHUACAN","MIXCOAC","ANDEN DIRECCION MIXCOAC","ELEVADOR","EL",1
"20","12-CULH-EL-2","12-CULH","CULH","12","CULHUACAN","TLAHUAC","ANDEN DIRECCION TLAHUAC","ELEVADOR","EL",2
"21","12-EJCE-ES-1","12-EJCE","EJCE","12","EJE CENTRAL","DIRECCIÓN MIXCOAC","ANDEN","ESCALERA ELECTROMECANICA","ES",1
"22","12-EJCE-ES-2","12-EJCE","EJCE","12","EJE CENTRAL","DIRECCIÓN MIXCOAC","ANDEN","ESCALERA ELECTROMECANICA","ES",2
"23","12-EJCE-ES-3","12-EJCE","EJCE","12","EJE CENTRAL","DIRECCIÓN MIXCOAC","ANDEN","ESCALERA ELECTROMECANICA","ES",3
"24","12-EJCE-ES-4","12-EJCE","EJCE","12","EJE CENTRAL","DIRECCIÓN TLÁHUAC","ANDEN","ESCALERA ELECTROMECANICA","ES",4
"25","12-EJCE-ES-5","12-EJCE","EJCE","12","EJE CENTRAL","DIRECCIÓN TLÁHUAC","ANDEN","ESCALERA ELECTROMECANICA","ES",5
"26","12-EJCE-ES-6","12-EJCE","EJCE","12","EJE CENTRAL","DIRECCIÓN TLÁHUAC","ANDEN","ESCALERA ELECTROMECANICA","ES",6
"27","12-EJCE-EL-1","12-EJCE","EJCE","12","EJE CENTRAL","MIXCOAC","ANDEN DIRECCION MIXCOAC","ELEVADOR","EL",1
"28","12-EJCE-EL-2","12-EJCE","EJCE","12","EJE CENTRAL","TLAHUAC","ANDEN DIRECCION TLAHUAC","ELEVADOR","EL",2
"29","12-EJCE-EL-3","12-EJCE","EJCE","12","EJE CENTRAL","CALLE","NIVEL CALLE A MEZZANINE","ELEVADOR","EL",3
"30","12-ERMI-ES-1","12-ERMI","ERMI","12","ERMITA","DIRECCIÓN MIXCOAC","ANDEN","ESCALERA ELECTROMECANICA","ES",1
"31","12-ERMI-ES-2","12-ERMI","ERMI","12","ERMITA","PASILLO DE CORRESPONDENCIA","MEZAZINE","ESCALERA ELECTROMECANICA","ES",2
"32","12-ERMI-EL-1","12-ERMI","ERMI","12","ERMITA","MIXCOAC","ANDEN","ELEVADOR","EL",1
"33","12-ERMI-EL-2","12-ERMI","ERMI","12","ERMITA","TLAHUAC","ANDEN DIRECCION","ELEVADOR","EL",2
"34","12-ERMI-EL-3","12-ERMI","ERMI","12","ERMITA","PASILLO TRANSBORDE","MEZZANINE COORESPONDENCIA L12/L2, INICIO DE TRANSBORDE","ELEVADOR","EL",3
"35","12-ERMI-EL-4","12-ERMI","ERMI","12","ERMITA","PASILLO TRANSBORDE","MEZZANINE COORESPONDENCIA L12/L2, INICIO DE TRANSBORDE","ELEVADOR","EL",4
"36","12-ERMI-ES-3","12-ERMI","ERMI","12","ERMITA","DIRECCIÓN MIXCOAC","ANDEN","ESCALERA ELECTROMECANICA","ES",3
"37","12-ERMI-ES-4","12-ERMI","ERMI","12","ERMITA","DIRECCIÓN MIXCOAC","ANDEN","ESCALERA ELECTROMECANICA","ES",4
"38","12-ERMI-ES-5","12-ERMI","ERMI","12","ERMITA","DIRECCIÓN TLÁHUAC","ANDEN","ESCALERA ELECTROMECANICA","ES",5
"39","12-ERMI-ES-6","12-ERMI","ERMI","12","ERMITA","DIRECCIÓN TLÁHUAC","ANDEN","ESCALERA ELECTROMECANICA","ES",6
"40","12-ERMI-ES-7","12-ERMI","ERMI","12","ERMITA","DIRECCIÓN TLÁHUAC","ANDEN","ESCALERA ELECTROMECANICA","ES",7
"41","12-ERMI-ES-8","12-ERMI","ERMI","12","ERMITA","DIRECCIÓN TLÁHUAC","ANDEN","ESCALERA ELECTROMECANICA","ES",8
"42","12-ERMI-ES-9","12-ERMI","ERMI","12","ERMITA","PASILLO DE CORRESPONDENCIA","PASILLO DE CORRESPONDENCIA L-12 A L-2","ESCALERA ELECTROMECANICA","ES",9
"43","12-ERMI-ES-10","12-ERMI","ERMI","12","ERMITA","PASILLO DE CORRESPONDENCIA","MEZAZINE","ESCALERA ELECTROMECANICA","ES",10
"44","12-HONO-ES-1","12-HONO","HONO","12","HOSPITAL 20 DE NOVIEMBRE","MIXCOAC","ANDEN","ESCALERA ELECTROMECANICA","ES",1
"45","12-HONO-ES-2","12-HONO","HONO","12","HOSPITAL 20 DE NOVIEMBRE","SALIDA","MEZAZINE","ESCALERA ELECTROMECANICA","ES",2
"46","12-HONO-ES-3","12-HONO","HONO","12","HOSPITAL 20 DE NOVIEMBRE","MIXCOAC","ANDEN","ESCALERA ELECTROMECANICA","ES",3
"47","12-HONO-ES-4","12-HONO","HONO","12","HOSPITAL 20 DE NOVIEMBRE","TLAHUAC","ANDEN","ESCALERA ELECTROMECANICA","ES",4
"48","12-HONO-ES-5","12-HONO","HONO","12","HOSPITAL 20 DE NOVIEMBRE","SALIDA","MEZAZINE","ESCALERA ELECTROMECANICA","ES",5
"49","12-HONO-ES-6","12-HONO","HONO","12","HOSPITAL 20 DE NOVIEMBRE","TLAHUAC","ANDEN","ESCALERA ELECTROMECANICA","ES",6
"50","12-HONO-EL-1","12-HONO","HONO","12","HOSPITAL 20 DE NOVIEMBRE","MIXCOAC","ANDEN","ELEVADOR","EL",1
"51","12-HONO-EL-2","12-HONO","HONO","12","HOSPITAL 20 DE NOVIEMBRE","TLAHUAC","ANDEN","ELEVADOR","EL",2
"52","12-HONO-EL-3","12-HONO","HONO","12","HOSPITAL 20 DE NOVIEMBRE","SALIDA","MEZZANINE-CALLE","ELEVADOR","EL",3
"53","12-INSU-ES-1","12-INSU","INSU","12","INSURGENTES SUR","MIXCOAC","ANDEN","ESCALERA ELECTROMECANICA","ES",1
"54","12-INSU-ES-2","12-INSU","INSU","12","INSURGENTES SUR","MIXCOAC","ANDEN","ESCALERA ELECTROMECANICA","ES",2
"55","12-INSU-ES-3","12-INSU","INSU","12","INSURGENTES SUR","MIXCOAC","ANDEN","ESCALERA ELECTROMECANICA","ES",3
"56","12-INSU-ES-4","12-INSU","INSU","12","INSURGENTES SUR","TLAHUAC","ANDEN","ESCALERA ELECTROMECANICA","ES",4
"57","12-INSU-ES-5","12-INSU","INSU","12","INSURGENTES SUR","TLAHUAC","ANDEN","ESCALERA ELECTROMECANICA","ES",5
"58","12-INSU-ES-6","12-INSU","INSU","12","INSURGENTES SUR","TLAHUAC","ANDEN","ESCALERA ELECTROMECANICA","ES",6
"59","12-INSU-EL-1","12-INSU","INSU","12","INSURGENTES SUR","MIXCOAC","ANDEN","ELEVADOR","EL",1
"60","12-INSU-EL-2","12-INSU","INSU","12","INSURGENTES SUR","TLAHUAC","ANDEN","ELEVADOR","EL",2
"61","12-INSU-EL-3","12-INSU","INSU","12","INSURGENTES SUR","SALIDA","MEZZANINE-CALLE","ELEVADOR","EL",3
"62","12-LOES-ES-1","12-LOES","LOES","12","LOMAS ESTRELLA","DIRECCIÓN MIXCOAC","SALIDA","ESCALERA ELECTROMECANICA","ES",1
"63","12-LOES-ES-2","12-LOES","LOES","12","LOMAS ESTRELLA","DIRECCIÓN MIXCOAC","SALIDA","ESCALERA ELECTROMECANICA","ES",2
"64","12-LOES-ES-3","12-LOES","LOES","12","LOMAS ESTRELLA","DIRECCIÓN TLÁHUAC","SALIDA","ESCALERA ELECTROMECANICA","ES",3
"65","12-LOES-ES-4","12-LOES","LOES","12","LOMAS ESTRELLA","DIRECCIÓN TLÁHUAC","SALIDA","ESCALERA ELECTROMECANICA","ES",4
"66","12-LOES-EL-1","12-LOES","LOES","12","LOMAS ESTRELLA","MIXCOAC","ANDEN DIRECCION MIXCOAC","ELEVADOR","EL",1
"67","12-LOES-EL-2","12-LOES","LOES","12","LOMAS ESTRELLA","TLAHUAC","ANDEN DIRECCION TLAHUAC","ELEVADOR","EL",2
"68","12-MEXI-ES-1","12-MEXI","MEXI","12","MEXICALTZINGO","DIRECCIÓN MIXCOAC","ANDEN","ESCALERA ELECTROMECANICA","ES",1
"69","12-MEXI-ES-2","12-MEXI","MEXI","12","MEXICALTZINGO","DIRECCIÓN MIXCOAC","ANDEN","ESCALERA ELECTROMECANICA","ES",2
"70","12-MEXI-ES-3","12-MEXI","MEXI","12","MEXICALTZINGO","DIRECCIÓN MIXCOAC","ANDEN","ESCALERA ELECTROMECANICA","ES",3
"71","12-MEXI-ES-4","12-MEXI","MEXI","12","MEXICALTZINGO","DIRECCIÓN TLÁHUAC","ANDEN","ESCALERA ELECTROMECANICA","ES",4
"72","12-MEXI-ES-5","12-MEXI","MEXI","12","MEXICALTZINGO","DIRECCIÓN TLÁHUAC","ANDEN","ESCALERA ELECTROMECANICA","ES",5
"73","12-MEXI-ES-6","12-MEXI","MEXI","12","MEXICALTZINGO","DIRECCIÓN TLÁHUAC","ANDEN","ESCALERA ELECTROMECANICA","ES",6
"74","12-MEXI-EL-1","12-MEXI","MEXI","12","MEXICALTZINGO","MIXCOAC","ANDEN DIRECCION MIXCOAC","ELEVADOR","EL",1
"75","12-MEXI-EL-2","12-MEXI","MEXI","12","MEXICALTZINGO","TLAHUAC","ANDEN DIRECCION TLAHUAC","ELEVADOR","EL",2
"76","12-MEXI-EL-3","12-MEXI","MEXI","12","MEXICALTZINGO","CALLE","NIVEL CALLE A MEZZANINE","ELEVADOR","EL",3
"77","12-MIXC-ES-1","12-MIXC","MIXC","12","MIXCOAC","TERMINAL","ANDEN","ESCALERA ELECTROMECANICA","ES",1
"78","12-MIXC-EL-1","12-MIXC","MIXC","12","MIXCOAC","MIXCOAC","ANDEN","ELEVADOR","EL",1
"79","12-MIXC-EL-2","12-MIXC","MIXC","12","MIXCOAC","TLAHUAC","ANDEN","ELEVADOR","EL",2
"80","12-MIXC-EL-3","12-MIXC","MIXC","12","MIXCOAC","SALIDA","MEZZANINE-CALLE","ELEVADOR","EL",3
"81","12-MIXC-ES-2","12-MIXC","MIXC","12","MIXCOAC","TERMINAL","ANDEN","ESCALERA ELECTROMECANICA","ES",2
"82","12-MIXC-ES-3","12-MIXC","MIXC","12","MIXCOAC","TERMINAL","ANDEN","ESCALERA ELECTROMECANICA","ES",3
"83","12-MIXC-ES-4","12-MIXC","MIXC","12","MIXCOAC","TLAHUAC","ANDEN","ESCALERA ELECTROMECANICA","ES",4
"84","12-MIXC-ES-5","12-MIXC","MIXC","12","MIXCOAC","TLAHUAC","MEZAZINE","ESCALERA ELECTROMECANICA","ES",5
"85","12-MIXC-ES-6","12-MIXC","MIXC","12","MIXCOAC","TLAHUAC","ANDEN","ESCALERA ELECTROMECANICA","ES",6
"86","12-MIXC-ES-7","12-MIXC","MIXC","12","MIXCOAC","TLAHUAC","ANDEN","ESCALERA ELECTROMECANICA","ES",7
"87","12-MIXC-ES-8","12-MIXC","MIXC","12","MIXCOAC","CORRESPONDENCIA PASILLO LÍNEA 12-7","CORRESPONDENCIA PASILLO LÍNEA 12-8","ESCALERA ELECTROMECANICA","ES",8
"88","12-MIXC-ES-9","12-MIXC","MIXC","12","MIXCOAC","CORRESPONDENCIA PASILLO LÍNEA 12-7","CORRESPONDENCIA PASILLO LÍNEA 12-8","ESCALERA ELECTROMECANICA","ES",9
"89","12-NOPA-ES-1","12-NOPA","NOPA","12","NOPALERA","DIRECCIÓN MIXCOAC","PASILLO","ESCALERA ELECTROMECANICA","ES",1
"90","12-NOPA-ES-2","12-NOPA","NOPA","12","NOPALERA","DIRECCIÓN MIXCOAC","PASILLO","ESCALERA ELECTROMECANICA","ES",2
"91","12-NOPA-ES-3","12-NOPA","NOPA","12","NOPALERA","DIRECCIÓN TLÁHUAC","PASILLO","ESCALERA ELECTROMECANICA","ES",3
"92","12-NOPA-ES-4","12-NOPA","NOPA","12","NOPALERA","DIRECCIÓN TLÁHUAC","PASILLO","ESCALERA ELECTROMECANICA","ES",4
"93","12-NOPA-EL-1","12-NOPA","NOPA","12","NOPALERA","TLAHUAC","ANDEN DIRECCION MIXCOAC","ELEVADOR","EL",1
"94","12-NOPA-EL-2","12-NOPA","NOPA","12","NOPALERA","TLAHUAC","ANDEN DIRECCION TLAHUAC","ELEVADOR","EL",2
"95","12-OLIV-ES-1","12-OLIV","OLIV","12","OLIVOS","DIRECCIÓN MIXCOAC","ANDEN","ESCALERA ELECTROMECANICA","ES",1
"96","12-OLIV-ES-2","12-OLIV","OLIV","12","OLIVOS","DIRECCIÓN MIXCOAC","ANDEN","ESCALERA ELECTROMECANICA","ES",2
"97","12-OLIV-ES-3","12-OLIV","OLIV","12","OLIVOS","DIRECCIÓN TLÁHUAC","ANDEN","ESCALERA ELECTROMECANICA","ES",3
"98","12-OLIV-ES-4","12-OLIV","OLIV","12","OLIVOS","DIRECCIÓN TLÁHUAC","ANDEN","ESCALERA ELECTROMECANICA","ES",4
"99","12-OLIV-EL-1","12-OLIV","OLIV","12","OLIVOS","MIXCOAC","ANDEN DIRECCION MIXCOAC","ELEVADOR","EL",1
"100","12-OLIV-EL-2","12-OLIV","OLIV","12","OLIVOS","TLAHUAC","ANDEN DIRECCION TLAHUAC","ELEVADOR","EL",2
"101","12-PAVE-ES-1","12-PAVE","PAVE","12","PARQUE DE LOS VENADOS","DIRECCIÓN MIXCOAC","MEZAZINE","ESCALERA ELECTROMECANICA","ES",1
"102","12-PAVE-ES-2","12-PAVE","PAVE","12","PARQUE DE LOS VENADOS","DIRECCIÓN MIXCOAC","MEZAZINE","ESCALERA ELECTROMECANICA","ES",2
"103","12-PAVE-ES-3","12-PAVE","PAVE","12","PARQUE DE LOS VENADOS","DIRECCIÓN MIXCOAC","MEZAZINE","ESCALERA ELECTROMECANICA","ES",3
"104","12-PAVE-ES-4","12-PAVE","PAVE","12","PARQUE DE LOS VENADOS","DIRECCIÓN TLÁHUAC","MEZAZINE","ESCALERA ELECTROMECANICA","ES",4
"105","12-PAVE-ES-5","12-PAVE","PAVE","12","PARQUE DE LOS VENADOS","DIRECCIÓN TLÁHUAC","MEZAZINE","ESCALERA ELECTROMECANICA","ES",5
"106","12-PAVE-ES-6","12-PAVE","PAVE","12","PARQUE DE LOS VENADOS","DIRECCIÓN TLÁHUAC","MEZAZINE","ESCALERA ELECTROMECANICA","ES",6
"107","12-PAVE-EL-1","12-PAVE","PAVE","12","PARQUE DE LOS VENADOS","MIXCOAC","ANDEN DIRECCION MIXCOAC","ELEVADOR","EL",1
"108","12-PAVE-EL-2","12-PAVE","PAVE","12","PARQUE DE LOS VENADOS","TLAHUAC","ANDEN DIRECCION TLAHUAC","ELEVADOR","EL",2
"109","12-PAVE-EL-3","12-PAVE","PAVE","12","PARQUE DE LOS VENADOS","CALLE","NIVEL CALLE A MEZZANINE","ELEVADOR","EL",3
"110","12-PEOR-EL-1","12-PEOR","PEOR","12","PERIFERICO ORIENTE","MIXCOAC","NIVEL CALLE A MEZZANINE DIRECCION MIXCOAC","ELEVADOR","EL",1
"111","12-PEOR-EL-2","12-PEOR","PEOR","12","PERIFERICO ORIENTE","TLAHUAC","NIVEL CALLE A MEZZANINE DIRECCION TLAHUAC","ELEVADOR","EL",2
"112","12-PEOR-EL-3","12-PEOR","PEOR","12","PERIFERICO ORIENTE","ANDEN MEDIO","NIVEL MEZZANINE A ANDEN CENTRAL","ELEVADOR","EL",3
"113","12-PERI-ES-1","12-PERI","PERI","12","PERIFERICO","DIRECCIÓN MIXCOAC","SALIDA DESPUES DE TORNIQUETES","ESCALERA ELECTROMECANICA","ES",1
"114","12-PERI-ES-2","12-PERI","PERI","12","PERIFERICO","DIRECCIÓN MIXCOAC","SALIDA DESPUES DE TORNIQUETES","ESCALERA ELECTROMECANICA","ES",2
"115","12-PERI-ES-3","12-PERI","PERI","12","PERIFERICO","DIRECCIÓN TLÁHUAC","SALIDA","ESCALERA ELECTROMECANICA","ES",3
"116","12-PERI-ES-4","12-PERI","PERI","12","PERIFERICO","DIRECCIÓN TLÁHUAC","SALIDA","ESCALERA ELECTROMECANICA","ES",4
"117","12-PERI-ES-5","12-PERI","PERI","12","PERIFERICO","MEZZANINE","ANDEN CENTRAL","ESCALERA ELECTROMECANICA","ES",5
"118","12-PERI-ES-6","12-PERI","PERI","12","PERIFERICO","MEZZANINE","ANDEN CENTRAL","ESCALERA ELECTROMECANICA","ES",6
"119","12-PERI-ES-7","12-PERI","PERI","12","PERIFERICO","MEZZANINE","ANDEN CENTRAL","ESCALERA ELECTROMECANICA","ES",7
"120","12-PERI-ES-8","12-PERI","PERI","12","PERIFERICO","MEZZANINE","ANDEN CENTRAL","ESCALERA ELECTROMECANICA","ES",8
"121","12-SATO-ES-1","12-SATO","SATO","12","SAN ANDRES TOMATLAN","DIRECCIÓN MIXCOAC","SALIDA","ESCALERA ELECTROMECANICA","ES",1
"122","12-SATO-ES-2","12-SATO","SATO","12","SAN ANDRES TOMATLAN","DIRECCIÓN MIXCOAC","SALIDA","ESCALERA ELECTROMECANICA","ES",2
"123","12-SATO-ES-3","12-SATO","SATO","12","SAN ANDRES TOMATLAN","DIRECCIÓN TLÁHUAC","SALIDA","ESCALERA ELECTROMECANICA","ES",3
"124","12-SATO-ES-4","12-SATO","SATO","12","SAN ANDRES TOMATLAN","DIRECCIÓN TLÁHUAC","SALIDA","ESCALERA ELECTROMECANICA","ES",4
"125","12-SATO-EL-1","12-SATO","SATO","12","SAN ANDRES TOMATLAN","MIXCOAC","ANDEN DIRECCION MIXCOAC","ELEVADOR","EL",1
"126","12-SATO-EL-2","12-SATO","SATO","12","SAN ANDRES TOMATLAN","TLAHUAC","ANDEN DIRECCION TLAHUAC","ELEVADOR","EL",2
"127","12-TEZO-ES-1","12-TEZO","TEZO","12","TEZONCO","DIRECCIÓN MIXCOAC","ANDEN","ESCALERA ELECTROMECANICA","ES",1
"128","12-TEZO-ES-2","12-TEZO","TEZO","12","TEZONCO","DIRECCIÓN TLÁHUAC","ANDEN","ESCALERA ELECTROMECANICA","ES",2
"129","12-TEZO-ES-3","12-TEZO","TEZO","12","TEZONCO","DIRECCIÓN TLÁHUAC","ANDEN","ESCALERA ELECTROMECANICA","ES",3
"130","12-TEZO-EL-1","12-TEZO","TEZO","12","TEZONCO","MIXCOAC","ANDEN DIRECCION MIXCOAC","ELEVADOR","EL",1
"131","12-TEZO-EL-2","12-TEZO","TEZO","12","TEZONCO","TLAHUAC","ANDEN DIRECCION TLAHUAC","ELEVADOR","EL",2
"132","12-TLAH-ES-1","12-TLAH","TLAH","12","TLAHUAC","MIXCOAC","ANDEN","ESCALERA ELECTROMECANICA","ES",1
"133","12-TLAH-ES-2","12-TLAH","TLAH","12","TLAHUAC","MIXCOAC","ANDEN","ESCALERA ELECTROMECANICA","ES",2
"134","12-TLAH-ES-3","12-TLAH","TLAH","12","TLAHUAC","TLAHUAC","ANDEN","ESCALERA ELECTROMECANICA","ES",3
"135","12-TLAH-ES-4","12-TLAH","TLAH","12","TLAHUAC","TLAHUAC","ANDEN","ESCALERA ELECTROMECANICA","ES",4
"136","12-TLAH-EL-1","12-TLAH","TLAH","12","TLAHUAC","MIXCOAC","ANDEN","ELEVADOR","EL",1
"137","12-TLAH-EL-2","12-TLAH","TLAH","12","TLAHUAC","TLAHUAC","ANDEN","ELEVADOR","EL",2
"138","12-TLAH-EL-3","12-TLAH","TLAH","12","TLAHUAC","SALIDA","MEZZANINE-CALLE","ELEVADOR","EL",3
"139","12-TLAH-EL-4","12-TLAH","TLAH","12","TLAHUAC","SALIDA","MEZZANINE-CALLE","ELEVADOR","EL",4
"140","12-TLAL-ES-1","12-TLAL","TLAL","12","TLALTENCO","TLAHUAC","ANDEN","ESCALERA ELECTROMECANICA","ES",1
"141","12-TLAL-ES-2","12-TLAL","TLAL","12","TLALTENCO","TLAHUAC","ANDEN","ESCALERA ELECTROMECANICA","ES",2
"142","12-TLAL-ES-3","12-TLAL","TLAL","12","TLALTENCO","TLAHUAC","MEZAZINE","ESCALERA ELECTROMECANICA","ES",3
"143","12-TLAL-EL-1","12-TLAL","TLAL","12","TLALTENCO","MIXCOAC","ANDEN","ELEVADOR","EL",1
"144","12-TLAL-EL-2","12-TLAL","TLAL","12","TLALTENCO","TLAHUAC","MEZZANINE-CALLE","ELEVADOR","EL",2
"145","12-ZAPA-ES-1","12-ZAPA","ZAPA","12","ZAPATA","MIXCOAC","ANDEN","ESCALERA ELECTROMECANICA","ES",1
"146","12-ZAPA-EL-1","12-ZAPA","ZAPA","12","ZAPATA","TLAHUAC","ANDEN","ELEVADOR","EL",1
"147","12-ZAPA-EL-2","12-ZAPA","ZAPA","12","ZAPATA","SALIDA","MEZZANINE-CALLE","ELEVADOR","EL",2
"148","12-ZAPA-ES-2","12-ZAPA","ZAPA","12","ZAPATA","MIXCOAC","ANDEN","ESCALERA ELECTROMECANICA","ES",2
"149","12-ZAPA-ES-3","12-ZAPA","ZAPA","12","ZAPATA","MIXCOAC","ANDEN","ESCALERA ELECTROMECANICA","ES",3
"150","12-ZAPA-ES-4","12-ZAPA","ZAPA","12","ZAPATA","SALIDA","MEZAZINE","ESCALERA ELECTROMECANICA","ES",4
"151","12-ZAPA-ES-5","12-ZAPA","ZAPA","12","ZAPATA","SALIDA","MEZAZINE","ESCALERA ELECTROMECANICA","ES",5
"152","12-ZAPA-ES-6","12-ZAPA","ZAPA","12","ZAPATA","TLAHUAC","ANDEN","ESCALERA ELECTROMECANICA","ES",6
"153","12-ZAPA-ES-7","12-ZAPA","ZAPA","12","ZAPATA","TLAHUAC","ANDEN","ESCALERA ELECTROMECANICA","ES",7
"154","12-ZAPA-ES-8","12-ZAPA","ZAPA","12","ZAPATA","TLAHUAC","ANDEN","ESCALERA ELECTROMECANICA","ES",8
"155","12-ZAPA-EL-3","12-ZAPA","ZAPA","12","ZAPATA","MIXCOAC","ANDEN","ELEVADOR","EL",3
"156","12-ZAPO-ES-1","12-ZAPO","ZAPO","12","ZAPOTITLÁN","MIXCOAC","ANDEN","ESCALERA ELECTROMECANICA","ES",1
"157","12-ZAPO-ES-2","12-ZAPO","ZAPO","12","ZAPOTITLÁN","MIXCOAC","ANDEN","ESCALERA ELECTROMECANICA","ES",2
"158","12-ZAPO-ES-3","12-ZAPO","ZAPO","12","ZAPOTITLÁN","TLAHUAC","ANDEN","ESCALERA ELECTROMECANICA","ES",3
"159","12-ZAPO-ES-4","12-ZAPO","ZAPO","12","ZAPOTITLÁN","TLAHUAC","ANDEN","ESCALERA ELECTROMECANICA","ES",4
"160","12-ZAPO-EL-1","12-ZAPO","ZAPO","12","ZAPOTITLÁN","MIXCOAC","ANDEN","ELEVADOR","EL",1
"161","12-ZAPO-EL-2","12-ZAPO","ZAPO","12","ZAPOTITLÁN","TLAHUAC","ANDEN","ELEVADOR","EL",2
"162","1-BALB-ES-1","1-BALB","BALB","1","BALBUENA","PANTITLAN","TORNIQUETES","ESCALERA ELECTROMECANICA","ES",1
"163","1-BALB-ES-2","1-BALB","BALB","1","BALBUENA","OBSERVATORIO","TORNIQUETES","ESCALERA ELECTROMECANICA","ES",2
"164","1-BALB-ES-3","1-BALB","BALB","1","BALBUENA","SALIDA TELEVISA","MEZAZINE","ESCALERA ELECTROMECANICA","ES",3
"165","1-BALB-EL-1","1-BALB","BALB","1","BALBUENA","ANDÉN DIRECCIÓN PANTITLÁN","ANTES DE TORNIQUETES (DENTRO ESTACIÓN)","ELEVADOR","EL",1
"166","1-BALB-EL-2","1-BALB","BALB","1","BALBUENA","ANDÉN DIRECCIÓN OBSERVATORIO","ANTES DE TORNIQUETES (DENTRO ESTACIÓN)","ELEVADOR","EL",2
"167","1-BALD-ES-1","1-BALD","BALD","1","BALDERAS","PANTITLAN","ANDEN","ESCALERA ELECTROMECANICA","ES",1
"168","1-BALD-ES-2","1-BALD","BALD","1","BALDERAS","PANTITLAN","ANDEN","ESCALERA ELECTROMECANICA","ES",2
"169","1-BALD-ES-3","1-BALD","BALD","1","BALDERAS","PANTITLAN","MEZAZINE","ESCALERA ELECTROMECANICA","ES",3
"170","1-BALD-ES-4","1-BALD","BALD","1","BALDERAS","PANTITLAN","ANDEN","ESCALERA ELECTROMECANICA","ES",4
"171","1-BALD-ES-5","1-BALD","BALD","1","BALDERAS","OBSERVATORIO","MEZAZINE","ESCALERA ELECTROMECANICA","ES",5
"172","1-BALD-ES-6","1-BALD","BALD","1","BALDERAS","OBSERVATORIO","MEZAZINE","ESCALERA ELECTROMECANICA","ES",6
"173","1-BALD-ES-7","1-BALD","BALD","1","BALDERAS","OBSERVATORIO","MEZAZINE","ESCALERA ELECTROMECANICA","ES",7
"174","1-BALD-ES-8","1-BALD","BALD","1","BALDERAS","OBSERVATORIO","MEZAZINE","ESCALERA ELECTROMECANICA","ES",8
"175","1-BALD-EL-1","1-BALD","BALD","1","BALDERAS","OBSERVATORIO","DESPUES DE TORNIQUETES","ELEVADOR","EL",1
"176","1-BOAE-EL-1","1-BOAE","BOAE","1","BOULEVARD PUERTO AEREO","ANDÉN DIRECCIÓN OBSERVATORIO","EXTERIOR ANTES DE TORNIQUETES","ELEVADOR","EL",1
"177","1-BOAE-EL-2","1-BOAE","BOAE","1","BOULEVARD PUERTO AEREO","ANDÉN DIRECCIÓN PANTITLÁN","EXTERIOR ANTES DE TORNIQUETES","ELEVADOR","EL",2
"178","1-CUAU-ES-1","1-CUAU","CUAU","1","CUAUHTEMOC","OBSERVATORIO","ANDEN","ESCALERA ELECTROMECANICA","ES",1
"179","1-CUAU-ES-2","1-CUAU","CUAU","1","CUAUHTEMOC","PANTITLAN","ANDEN","ESCALERA ELECTROMECANICA","ES",2
"180","1-CUAU-EL-1","1-CUAU","CUAU","1","CUAUHTEMOC","ANDÉN DIRECCIÓN PANTITLÁN","ANTES DE TORNIQUETES (DENTRO ESTACIÓN)","ELEVADOR","EL",1
"181","1-CUAU-EL-2","1-CUAU","CUAU","1","CUAUHTEMOC","ANDÉN DIRECCIÓN OBSERVATORIO","ANTES DE TORNIQUETES (DENTRO ESTACIÓN)","ELEVADOR","EL",2
"182","1-GOFA-ES-1","1-GOFA","GOFA","1","GOMEZ FARIAS","PANTITLAN","ANDEN","ESCALERA ELECTROMECANICA","ES",1
"183","1-GOFA-ES-2","1-GOFA","GOFA","1","GOMEZ FARIAS","OBSERVATORIO","ANDEN","ESCALERA ELECTROMECANICA","ES",2
"184","1-INSU-EL-1","1-INSU","INSU","1","INSURGENTES","ANDÉN DIRECCIÓN PANTITLAN","DESPUES DE TORNIQUETES BAJA A ANDEN","ELEVADOR","EL",1
"185","1-ISCA-ES-1","1-ISCA","ISCA","1","ISABEL LA CATÓLICA","OBSERVATORIO","ANDEN","ESCALERA ELECTROMECANICA","ES",1
"186","1-ISCA-ES-2","1-ISCA","ISCA","1","ISABEL LA CATÓLICA","PANTITLAN","ANDEN","ESCALERA ELECTROMECANICA","ES",2
"187","1-MERC-EL-1","1-MERC","MERC","1","MERCED","ANDÉN DIRECCIÓN OBSERVATORIO","DESPUES DE TORNIQUETES BAJA A ANDEN","ELEVADOR","EL",1
"188","1-MERC-EL-2","1-MERC","MERC","1","MERCED","ANDÉN DIRECCIÓN PANTITLÁN","DESPUES DE TORNIQUETES BAJA A ANDEN","ELEVADOR","EL",2
"189","1-MOCT-ES-1","1-MOCT","MOCT","1","MOCTEZUMA","PANTITLAN","TORNIQUETES","ESCALERA ELECTROMECANICA","ES",1
"190","1-MOCT-ES-2","1-MOCT","MOCT","1","MOCTEZUMA","OBSERVATORIO","TORNIQUETES","ESCALERA ELECTROMECANICA","ES",2
"191","1-MOCT-EL-1","1-MOCT","MOCT","1","MOCTEZUMA","ANDÉN DIRECCIÓN OBSERVATORIO","EXTERIOR ANTES DE TORNIQUETES","ELEVADOR","EL",1
"192","1-MOCT-EL-2","1-MOCT","MOCT","1","MOCTEZUMA","ANDÉN DIRECCIÓN PANTITLÁN","EXTERIOR ANTES DE TORNIQUETES","ELEVADOR","EL",2
"193","1-OBSE-EL-1","1-OBSE","OBSE","1","OBSERVATORIO","PANTITLAN","ANDEN","ELEVADOR","EL",1
"194","1-OBSE-EL-2","1-OBSE","OBSE","1","OBSERVATORIO","OBSERVATORIO","ANDEN","ELEVADOR","EL",2
"195","1-PANT-EL-1","1-PANT","PANT","1","PANTITLAN","PANTITLAN","ANDEN CENTRAL","ELEVADOR","EL",1
"196","1-PANT-EL-2","1-PANT","PANT","1","PANTITLAN","PANTITLAN","ANDEN CENTRAL, PASILLO DE CORRESPONDENCIA L-1, L-5, L-9","ELEVADOR","EL",2
"197","1-PISU-ES-1","1-PISU","PISU","1","PINO SUÁREZ","OBSERVATORIO","ANDEN","ESCALERA ELECTROMECANICA","ES",1
"198","1-PISU-ES-2","1-PISU","PISU","1","PINO SUÁREZ","OBSERVATORIO","ANDEN","ESCALERA ELECTROMECANICA","ES",2
"199","1-PISU-ES-3","1-PISU","PISU","1","PINO SUÁREZ","PANTITLAN","ANDEN","ESCALERA ELECTROMECANICA","ES",3
"200","1-PISU-ES-4","1-PISU","PISU","1","PINO SUÁREZ","OBSERVATORIO","ANDEN","ESCALERA ELECTROMECANICA","ES",4
"201","1-PISU-EL-1","1-PISU","PISU","1","PINO SUÁREZ","PANTITLAN","ANDEN","ELEVADOR","EL",1
"202","1-PISU-EL-2","1-PISU","PISU","1","PINO SUÁREZ","OBSERVATORIO","PASAJE PINO SUAREZ","ELEVADOR","EL",2
"203","1-SAAG-ES-1","1-SAAG","SAAG","1","SALTO DEL AGUA","OBSERVATORIO","ANDEN","ESCALERA ELECTROMECANICA","ES",1
"204","1-SAAG-ES-2","1-SAAG","SAAG","1","SALTO DEL AGUA","PANTITLAN","ANDEN","ESCALERA ELECTROMECANICA","ES",2
"205","1-SAAG-EL-1","1-SAAG","SAAG","1","SALTO DEL AGUA","ANDÉN DIRECCIÓN PANTITLÁN","DESPUES DE TORNIQUETES BAJA A ANDEN","ELEVADOR","EL",1
"206","1-SAAG-EL-2","1-SAAG","SAAG","1","SALTO DEL AGUA","ANDÉN DIRECCIÓN OBSERVATORIO","DESPUES DE TORNIQUETES BAJA A ANDEN","ELEVADOR","EL",2
"207","1-SAAG-EL-3","1-SAAG","SAAG","1","SALTO DEL AGUA","OBSERVATORIO","DESPUES DE TORNIQUETES","ELEVADOR","EL",3
"208","1-SAAG-EL-4","1-SAAG","SAAG","1","SALTO DEL AGUA","PANTITLAN","DESPUES DE TORNIQUETES","ELEVADOR","EL",4
"209","1-SEVI-ES-1","1-SEVI","SEVI","1","SEVILLA","OBSERVATORIO","ANDEN","ESCALERA ELECTROMECANICA","ES",1
"210","1-SEVI-ES-2","1-SEVI","SEVI","1","SEVILLA","PANTITLAN","ANDEN","ESCALERA ELECTROMECANICA","ES",2
"211","1-SEVI-EL-1","1-SEVI","SEVI","1","SEVILLA","ANDÉN DIRECCIÓN OBSERVATORIO","EXTERIOR ANTES DE TORNIQUETES","ELEVADOR","EL",1
"212","1-SEVI-EL-2","1-SEVI","SEVI","1","SEVILLA","ANDÉN DIRECCIÓN PANTITLÁN","EXTERIOR ANTES DE TORNIQUETES","ELEVADOR","EL",2
"213","1-TAYA-ES-1","1-TAYA","TAYA","1","TACUBAYA","OBSERVATORIO","SALIDA","ESCALERA ELECTROMECANICA","ES",1
"214","1-TAYA-ES-2","1-TAYA","TAYA","1","TACUBAYA","PANTITLAN","SALIDA","ESCALERA ELECTROMECANICA","ES",2
"215","1-TAYA-ES-3","1-TAYA","TAYA","1","TACUBAYA","PANTITLAN","ANDEN","ESCALERA ELECTROMECANICA","ES",3
"216","1-TAYA-ES-4","1-TAYA","TAYA","1","TACUBAYA","PANTITLAN","ANDEN","ESCALERA ELECTROMECANICA","ES",4
"217","1-TAYA-ES-5","1-TAYA","TAYA","1","TACUBAYA","OBSERVATORIO","MEZAZINE","ESCALERA ELECTROMECANICA","ES",5
"218","1-TAYA-ES-6","1-TAYA","TAYA","1","TACUBAYA","OBSERVATORIO","MEZAZINE","ESCALERA ELECTROMECANICA","ES",6
"219","1-ZARA-ES-1","1-ZARA","ZARA","1","ZARAGOZA","OBSERVATORIO","ANDEN","ESCALERA ELECTROMECANICA","ES",1
"220","1-ZARA-ES-2","1-ZARA","ZARA","1","ZARAGOZA","OBSERVATORIO","ANDEN","ESCALERA ELECTROMECANICA","ES",2
"221","1-ZARA-ES-3","1-ZARA","ZARA","1","ZARAGOZA","PANTITLAN","ANDEN","ESCALERA ELECTROMECANICA","ES",3
"222","1-ZARA-EL-1","1-ZARA","ZARA","1","ZARAGOZA","OBSERVATORIO","ELEVADOR SIN SALIDA A LA CALLE, ANTES DE TORNIQUETES","ELEVADOR","EL",1
"223","2-ALLE-ES-1","2-ALLE","ALLE","2","ALLENDE","TASQUEÑA","SALIDA","ESCALERA ELECTROMECANICA","ES",1
"224","2-ALLE-ES-2","2-ALLE","ALLE","2","ALLENDE","CUATRO CAMINOS","MEZAZINE","ESCALERA ELECTROMECANICA","ES",2
"225","2-ALLE-ES-3","2-ALLE","ALLE","2","ALLENDE","TAXQUEÑA","MEZAZINE","ESCALERA ELECTROMECANICA","ES",3
"226","2-ALLE-ES-4","2-ALLE","ALLE","2","ALLENDE","TAXQUEÑA","MEZAZINE","ESCALERA ELECTROMECANICA","ES",4
"227","2-BEAR-ES-1","2-BEAR","BEAR","2","BELLAS ARTES","CUATRO CAMINOS","MEZAZINE","ESCALERA ELECTROMECANICA","ES",1
"228","2-BEAR-ES-2","2-BEAR","BEAR","2","BELLAS ARTES","TAXQUEÑA","MEZAZINE","ESCALERA ELECTROMECANICA","ES",2
"229","2-CHAB-ES-1","2-CHAB","CHAB","2","CHABACANO","CUATRO CAMINOS","MEZAZINE","ESCALERA ELECTROMECANICA","ES",1
"230","2-CHAB-EL-1","2-CHAB","CHAB","2","CHABACANO","CUATRO CAMINOS","ANDEN","ELEVADOR","EL",1
"231","2-CHAB-ES-2","2-CHAB","CHAB","2","CHABACANO","CUATRO CAMINOS","MEZAZINE","ESCALERA ELECTROMECANICA","ES",2
"232","2-CHAB-ES-3","2-CHAB","CHAB","2","CHABACANO","TAXQUEÑA","MEZAZINE","ESCALERA ELECTROMECANICA","ES",3
"233","2-CHAB-ES-4","2-CHAB","CHAB","2","CHABACANO","TAXQUEÑA","MEZAZINE","ESCALERA ELECTROMECANICA","ES",4
"234","2-CHAB-ES-5","2-CHAB","CHAB","2","CHABACANO","ANDEN CENTRAL","ANDEN CENTRAL","ESCALERA ELECTROMECANICA","ES",5
"235","2-CHAB-ES-6","2-CHAB","CHAB","2","CHABACANO","ANDEN CENTRAL","ANDEN CENTRAL","ESCALERA ELECTROMECANICA","ES",6
"236","2-CHAB-EL-2","2-CHAB","CHAB","2","CHABACANO","TASQUEÑA","ANTES DE LOS TONIQUETES","ELEVADOR","EL",2
"237","2-CHAB-EL-3","2-CHAB","CHAB","2","CHABACANO","CUATRO CAMINOS","ANDEN, SALIDA A LA CORRESPONDENCIA L-2, L-8 Y L-9","ELEVADOR","EL",3
"238","2-CHAB-EL-4","2-CHAB","CHAB","2","CHABACANO","CERCA DE PERMANENCIA CHABACANO","PASILLO DE CORRESPONDENCIA","ELEVADOR","EL",4
"239","2-COMI-ES-1","2-COMI","COMI","2","COLEGIO MILITAR","CUATRO CAMINOS","ANDEN","ESCALERA ELECTROMECANICA","ES",1
"240","2-COMI-ES-2","2-COMI","COMI","2","COLEGIO MILITAR","TASQUEÑA","ANDEN","ESCALERA ELECTROMECANICA","ES",2
"241","2-CUCA-EL-1","2-CUCA","CUCA","2","CUATRO CAMINOS","CUATRO CAMINOS","PASILLO SOBRE ANDEN  CALLE","ELEVADOR","EL",1
"242","2-CUCA-EL-2","2-CUCA","CUCA","2","CUATRO CAMINOS","CUATRO CAMINOS","PASILLO SALE A LA CALLE","ELEVADOR","EL",2
"243","2-CUIT-ES-1","2-CUIT","CUIT","2","CUITLÁHUAC","TASQUEÑA","ANDEN","ESCALERA ELECTROMECANICA","ES",1
"244","2-ERMI-ES-1","2-ERMI","ERMI","2","ERMITA","TASQUEÑA","MEZAZINE","ESCALERA ELECTROMECANICA","ES",1
"245","2-ERMI-ES-2","2-ERMI","ERMI","2","ERMITA","CUATRO CAMINOS","MEZAZINE","ESCALERA ELECTROMECANICA","ES",2
"246","2-ERMI-EL-1","2-ERMI","ERMI","2","ERMITA","TASQUEÑA","SALIDA ESTACION","ELEVADOR","EL",1
"247","2-GEAN-ES-1","2-GEAN","GEAN","2","GENERAL ANAYA","TASQUEÑA","MEZAZINE","ESCALERA ELECTROMECANICA","ES",1
"248","2-GEAN-ES-2","2-GEAN","GEAN","2","GENERAL ANAYA","CUATRO CAMINOS","MEZAZINE","ESCALERA ELECTROMECANICA","ES",2
"249","2-HIDA-ES-1","2-HIDA","HIDA","2","HIDALGO","CUATRO CAMINOS","MEZAZINE","ESCALERA ELECTROMECANICA","ES",1
"250","2-HIDA-ES-2","2-HIDA","HIDA","2","HIDALGO","CUATRO CAMINOS","MEZAZINE","ESCALERA ELECTROMECANICA","ES",2
"251","2-HIDA-ES-3","2-HIDA","HIDA","2","HIDALGO","TAXQUEÑA","MEZAZINE","ESCALERA ELECTROMECANICA","ES",3
"252","2-HIDA-ES-4","2-HIDA","HIDA","2","HIDALGO","TAXQUEÑA","MEZAZINE","ESCALERA ELECTROMECANICA","ES",4
"253","2-NATI-ES-1","2-NATI","NATI","2","NATIVITAS","CUATRO CAMINOS","MEZAZINE","ESCALERA ELECTROMECANICA","ES",1
"254","2-NATI-ES-2","2-NATI","NATI","2","NATIVITAS","TAXQUEÑA","MEZAZINE","ESCALERA ELECTROMECANICA","ES",2
"255","2-NORM-ES-1","2-NORM","NORM","2","NORMAL","CUATRO CAMINOS","ANDEN","ESCALERA ELECTROMECANICA","ES",1
"256","2-NORM-ES-2","2-NORM","NORM","2","NORMAL","TASQUEÑA","ANDEN","ESCALERA ELECTROMECANICA","ES",2
"257","2-PISU-ES-1","2-PISU","PISU","2","PINO SUÁREZ","TASQUEÑA","MEZAZINE","ESCALERA ELECTROMECANICA","ES",1
"258","2-PISU-ES-2","2-PISU","PISU","2","PINO SUÁREZ","CUATRO CAMINOS","MEZAZINE","ESCALERA ELECTROMECANICA","ES",2
"259","2-PISU-ES-3","2-PISU","PISU","2","PINO SUÁREZ","CUATRO CAMINOS","MEZAZINE","ESCALERA ELECTROMECANICA","ES",3
"260","2-PISU-ES-4","2-PISU","PISU","2","PINO SUÁREZ","TAXQUEÑA","MEZAZINE","ESCALERA ELECTROMECANICA","ES",4
"261","2-PISU-EL-1","2-PISU","PISU","2","PINO SUÁREZ","ANDEN DIRECCIÓN CUATRO CAMINOS","DENTRO DE ESTACIÓN, BAJA A ANDEN","ELEVADOR","EL",1
"262","2-PISU-EL-2","2-PISU","PISU","2","PINO SUÁREZ","CUATRO CAMINOS","CORRESPONDENCIA L-1 L-2","ELEVADOR","EL",2
"263","2-POPO-ES-1","2-POPO","POPO","2","POPOTLA","TASQUEÑA","ANDEN","ESCALERA ELECTROMECANICA","ES",1
"264","2-PORT-ES-1","2-PORT","PORT","2","PORTALES","CUATRO CAMINOS","MEZAZINE","ESCALERA ELECTROMECANICA","ES",1
"265","2-PORT-ES-2","2-PORT","PORT","2","PORTALES","TAXQUEÑA","MEZAZINE","ESCALERA ELECTROMECANICA","ES",2
"266","2-REVO-ES-1","2-REVO","REVO","2","REVOLUCIÓN","TASQUEÑA","ANDEN","ESCALERA ELECTROMECANICA","ES",1
"267","2-REVO-ES-2","2-REVO","REVO","2","REVOLUCIÓN","CUATRO CAMINOS","ANDEN","ESCALERA ELECTROMECANICA","ES",2
"268","2-REVO-EL-1","2-REVO","REVO","2","REVOLUCIÓN","TASQUEÑA","SALIDA DEL ANDEN","ELEVADOR","EL",1
"269","2-REVO-EL-2","2-REVO","REVO","2","REVOLUCIÓN","CUATRO CAMINOS","SALIDA DEL ANDEN","ELEVADOR","EL",2
"270","2-SAAB-ES-1","2-SAAB","SAAB","2","SAN ANTONIO ABAD","TASQUEÑA","MEZAZINE","ESCALERA ELECTROMECANICA","ES",1
"271","2-SAAB-ES-2","2-SAAB","SAAB","2","SAN ANTONIO ABAD","CUATRO CAMINOS","MEZAZINE","ESCALERA ELECTROMECANICA","ES",2
"272","2-SACO-ES-1","2-SACO","SACO","2","SAN COSME","CUATRO CAMINOS","ANDEN","ESCALERA ELECTROMECANICA","ES",1
"273","2-SACO-ES-2","2-SACO","SACO","2","SAN COSME","TASQUEÑA","ANDEN","ESCALERA ELECTROMECANICA","ES",2
"274","2-TACU-ES-1","2-TACU","TACU","2","TACUBA","CUATRO CAMINOS","MEZAZINE","ESCALERA ELECTROMECANICA","ES",1
"275","2-TACU-ES-2","2-TACU","TACU","2","TACUBA","TAXQUEÑA","MEZAZINE","ESCALERA ELECTROMECANICA","ES",2
"276","2-TASQ-ES-1","2-TASQ","TASQ","2","TASQUEÑA","CUATRO CAMINOS","TORNIQUETES","ESCALERA ELECTROMECANICA","ES",1
"277","2-TASQ-ES-2","2-TASQ","TASQ","2","TASQUEÑA","CUATRO CAMINOS","MEZAZINE","ESCALERA ELECTROMECANICA","ES",2
"278","2-TASQ-EL-1","2-TASQ","TASQ","2","TASQUEÑA","TASQUEÑA","PUENTE PEATONAL CENTRAL DE AUTOBUS","ELEVADOR","EL",1
"279","2-TASQ-EL-2","2-TASQ","TASQ","2","TASQUEÑA","CUATRO CAMINOS","DESPUES DE TORNIQUETES CENTRAL DE LA ESTACION","ELEVADOR","EL",2
"280","2-TASQ-EL-3","2-TASQ","TASQ","2","TASQUEÑA","CUATRO CAMINOS","PUENTE PARADERO SUR","ELEVADOR","EL",3
"281","2-VIAD-ES-1","2-VIAD","VIAD","2","VIADUCTO","CUATRO CAMINOS","MEZAZINE","ESCALERA ELECTROMECANICA","ES",1
"282","2-VIAD-ES-2","2-VIAD","VIAD","2","VIADUCTO","TAXQUEÑA","MEZAZINE","ESCALERA ELECTROMECANICA","ES",2
"283","2-VICO-ES-1","2-VICO","VICO","2","VILLA DE CORTES","CUATRO CAMINOS","MEZAZINE","ESCALERA ELECTROMECANICA","ES",1
"284","2-VICO-ES-2","2-VICO","VICO","2","VILLA DE CORTES","TAXQUEÑA","MEZAZINE","ESCALERA ELECTROMECANICA","ES",2
"285","2-XOLA-ES-1","2-XOLA","XOLA","2","XOLA","CUATRO CAMINOS","MEZAZINE","ESCALERA ELECTROMECANICA","ES",1
"286","2-XOLA-ES-2","2-XOLA","XOLA","2","XOLA","TAXQUEÑA","MEZAZINE","ESCALERA ELECTROMECANICA","ES",2
"287","2-XOLA-EL-1","2-XOLA","XOLA","2","XOLA","ANDÉN CENTRAL","ANTES DE TORNIQUETES Y LIBRA TORNIQUETES.","ELEVADOR","EL",1
"288","2-XOLA-EL-2","2-XOLA","XOLA","2","XOLA","SALIDA PTE. LADO VÍA DIRECCIÓN TASQUEÑA","SUBE A ESTACIÓN","ELEVADOR","EL",2
"289","2-XOLA-EL-3","2-XOLA","XOLA","2","XOLA","SALIDA OTE. LADO VÍA DIRECCIÓN CUATRO CAMINO","SUBE A ESTACIÓN","ELEVADOR","EL",3
"290","2-ZOCA-ES-1","2-ZOCA","ZOCA","2","ZOCALO","TASQUEÑA","MEZAZINE","ESCALERA ELECTROMECANICA","ES",1
"291","2-ZOCA-ES-2","2-ZOCA","ZOCA","2","ZOCALO","CUATRO CAMINOS","MEZAZINE","ESCALERA ELECTROMECANICA","ES",2
"292","2-ZOCA-ES-3","2-ZOCA","ZOCA","2","ZOCALO","CUATRO CAMINOS","MEZAZINE","ESCALERA ELECTROMECANICA","ES",3
"293","2-ZOCA-ES-4","2-ZOCA","ZOCA","2","ZOCALO","TASQUEÑA","MEZAZINE","ESCALERA ELECTROMECANICA","ES",4
"294","2-ZOCA-EL-1","2-ZOCA","ZOCA","2","ZOCALO","ANDEN DIRECCIÓN CUATRO CAMINOS","DENTRO DE ESTACIÓN, BAJAN A ANDEN","ELEVADOR","EL",1
"295","2-ZOCA-EL-2","2-ZOCA","ZOCA","2","ZOCALO","ANDEN DIRECCIÓN TASQUEÑA","DENTRO DE ESTACIÓN, BAJAN A ANDEN","ELEVADOR","EL",2
"296","2-ZOCA-EL-3","2-ZOCA","ZOCA","2","ZOCALO","NIVEL CALLE","SALIDA AL LIVERPOOL","ELEVADOR","EL",3
"297","3-BALD-ES-1","3-BALD","BALD","3","BALDERAS","UNIVERSIDAD","MEZAZINE","ESCALERA ELECTROMECANICA","ES",1
"298","3-BALD-ES-2","3-BALD","BALD","3","BALDERAS","INDIOS VERDES","MEZAZINE","ESCALERA ELECTROMECANICA","ES",2
"299","3-BALD-ES-3","3-BALD","BALD","3","BALDERAS","INDIOS VERDES","MEZAZINE","ESCALERA ELECTROMECANICA","ES",3
"300","3-BALD-EL-1","3-BALD","BALD","3","BALDERAS","ANDEN DIRECCIÓN UNIVERSIDAD","ANDEN SUBE AL TRANSBORDE","ELEVADOR","EL",1
"301","3-BALD-EL-2","3-BALD","BALD","3","BALDERAS","INDIOS VERDES","ANDEN","ELEVADOR","EL",2
"302","3-BALD-EL-3","3-BALD","BALD","3","BALDERAS","UNIVERSIDAD","ANDEN","ELEVADOR","EL",3
"303","3-CEME-ES-1","3-CEME","CEME","3","CENTRO MEDICO","INDIOS VERDES","ANDEN","ESCALERA ELECTROMECANICA","ES",1
"304","3-CEME-ES-2","3-CEME","CEME","3","CENTRO MEDICO","INDIOS VERDES","ANDEN","ESCALERA ELECTROMECANICA","ES",2
"305","3-CEME-ES-3","3-CEME","CEME","3","CENTRO MEDICO","UNIVERSIDAD","ANDEN UNIVERSIDAD PASILLO DE CORRESPONDENCIA DE L-3 A L-9","ESCALERA ELECTROMECANICA","ES",3
"306","3-CEME-ES-4","3-CEME","CEME","3","CENTRO MEDICO","INDIOS VERDES","ANDEN","ESCALERA ELECTROMECANICA","ES",4
"307","3-CEME-EL-1","3-CEME","CEME","3","CENTRO MEDICO","INDIOS VERDES","ANDEN","ELEVADOR","EL",1
"308","3-COPI-ES-1","3-COPI","COPI","3","COPILCO","UNIVERSIDAD","TORNIQUETES","ESCALERA ELECTROMECANICA","ES",1
"309","3-COPI-ES-2","3-COPI","COPI","3","COPILCO","UNIVERSIDAD","TORNIQUETES","ESCALERA ELECTROMECANICA","ES",2
"310","3-COPI-ES-3","3-COPI","COPI","3","COPILCO","INDIOS VERDES","TORNIQUETES","ESCALERA ELECTROMECANICA","ES",3
"311","3-COPI-ES-4","3-COPI","COPI","3","COPILCO","INDIOS VERDES","TORNIQUETES","ESCALERA ELECTROMECANICA","ES",4
"312","3-COPI-EL-1","3-COPI","COPI","3","COPILCO","ELEVADOR EXTERIOR, SALIDA PTE. LADO VÍA DIRECCIÓN UNIVERSIDAD","MEZZANINE BAJAN A ANDEN","ELEVADOR","EL",1
"313","3-COPI-EL-2","3-COPI","COPI","3","COPILCO","COPILCO ANDEN DIRECCION INDIOS VERDES","PASA TORNIQUETE","ELEVADOR","EL",2
"314","3-COPI-EL-3","3-COPI","COPI","3","COPILCO","COPILCO ANDEN DIRECCION UNIVERSIDAD","NO CRUZA TORINIQUETE, BAJA ANDEN4 DIRECTO","ELEVADOR","EL",3
"315","3-ETIO-EL-1","3-ETIO","ETIO","3","ETIOPIA","INDIOS VERDES","ANDEN CON SALIDA A LA ESTACION ANTES DE TORNIQUETES","ELEVADOR","EL",1
"316","3-ETIO-EL-2","3-ETIO","ETIO","3","ETIOPIA","UNIVERSIDAD","ANDEN CON SALIDA A LA ESTACION ANTES DE TORNIQUETES","ELEVADOR","EL",2
"317","3-GUER-ES-1","3-GUER","GUER","3","GUERRERO","UNIVERSIDAD","ANDEN","ESCALERA ELECTROMECANICA","ES",1
"318","3-HIDA-ES-1","3-HIDA","HIDA","3","HIDALGO","UNIVERSIDAD","ANDEN","ESCALERA ELECTROMECANICA","ES",1
"319","3-HIDA-ES-2","3-HIDA","HIDA","3","HIDALGO","INDIOS VERDES","ANDEN","ESCALERA ELECTROMECANICA","ES",2
"320","3-HIDA-ES-3","3-HIDA","HIDA","3","HIDALGO","UNIVERSIDAD","ANDEN","ESCALERA ELECTROMECANICA","ES",3
"321","3-HIDA-ES-4","3-HIDA","HIDA","3","HIDALGO","INDIOS VERDES","ANDEN","ESCALERA ELECTROMECANICA","ES",4
"322","3-HIDA-ES-5","3-HIDA","HIDA","3","HIDALGO","UNIVERSIDAD","ANDEN","ESCALERA ELECTROMECANICA","ES",5
"323","3-HIDA-ES-6","3-HIDA","HIDA","3","HIDALGO","INDIOS VERDES","ANDEN","ESCALERA ELECTROMECANICA","ES",6
"324","3-HOGE-ES-1","3-HOGE","HOGE","3","HOSPITAL GENERAL","UNIVERSIDAD","ANDEN","ESCALERA ELECTROMECANICA","ES",1
"325","3-HOGE-ES-2","3-HOGE","HOGE","3","HOSPITAL GENERAL","INDIOS VERDES","ANDEN","ESCALERA ELECTROMECANICA","ES",2
"326","3-HOGE-ES-3","3-HOGE","HOGE","3","HOSPITAL GENERAL","INDIOS VERDES","ANDEN","ESCALERA ELECTROMECANICA","ES",3
"327","3-HOGE-EL-1","3-HOGE","HOGE","3","HOSPITAL GENERAL","UNIVERSIDAD","DESPUES DE TORNIQUETES Y DAN A  LA CALLE","ELEVADOR","EL",1
"328","3-HOGE-EL-2","3-HOGE","HOGE","3","HOSPITAL GENERAL","INDIOS VERDES","DESPUES DE TORNIQUETES Y DAN A  LA CALLE","ELEVADOR","EL",2
"329","3-JUAR-ES-1","3-JUAR","JUAR","3","JUAREZ","UNIVERSIDAD","SALIDA","ESCALERA ELECTROMECANICA","ES",1
"330","3-JUAR-ES-2","3-JUAR","JUAR","3","JUAREZ","INDIOS VERDES","SALIDA","ESCALERA ELECTROMECANICA","ES",2
"331","3-JUAR-EL-1","3-JUAR","JUAR","3","JUAREZ","INDIOS VERDES","DESPUES DE TORNIQUETES","ELEVADOR","EL",1
"332","3-JUAR-EL-2","3-JUAR","JUAR","3","JUAREZ","UNIVERSIDAD","DESPUES DE TORNIQUETES","ELEVADOR","EL",2
"333","3-MIQU-ES-1","3-MIQU","MIQU","3","MIGUEL ANGEL DE QUEVEDO","INDIOS VERDES","ANTES DE TORNIQUETES","ESCALERA ELECTROMECANICA","ES",1
"334","3-MIQU-ES-2","3-MIQU","MIQU","3","MIGUEL ANGEL DE QUEVEDO","INDIOS VERDES","ANTES DE TORNIQUETES","ESCALERA ELECTROMECANICA","ES",2
"335","3-MIQU-ES-3","3-MIQU","MIQU","3","MIGUEL ANGEL DE QUEVEDO","INDIOS VERDES","TORNIQUETES","ESCALERA ELECTROMECANICA","ES",3
"336","3-MIQU-ES-4","3-MIQU","MIQU","3","MIGUEL ANGEL DE QUEVEDO","INDIOS VERDES","SALIDA","ESCALERA ELECTROMECANICA","ES",4
"337","3-RAZA-EL-1","3-RAZA","RAZA","3","LA RAZA","INDIOS VERDES","ANDEN","ELEVADOR","EL",1
"338","3-RAZA-EL-2","3-RAZA","RAZA","3","LA RAZA","UNIVERSIDAD","ANDEN","ELEVADOR","EL",2
"339","3-UNIV-EL-1","3-UNIV","UNIV","3","UNIVERSIDAD","ANDÉN DE LLEGADA, VÍA MAS CERCANA AL CAMPUS DE LA UNIVERSIDAD","MEZZANINE BAJAN A ANDEN","ELEVADOR","EL",1
"340","3-UNIV-EL-2","3-UNIV","UNIV","3","UNIVERSIDAD","ANDÉN CENTRAL  (ANDEN LLEGADA)","MEZZANINE BAJAN A ANDEN","ELEVADOR","EL",2
"341","3-UNIV-EL-3","3-UNIV","UNIV","3","UNIVERSIDAD","ANDÉN DE SALIDA, VÍA MAS ALEJADA DEL CAMPUS DE LA UNIVERSIDAD","EXTERIOR BAJAN AL ANDEN","ELEVADOR","EL",3
"342","3-UNIV-EL-4","3-UNIV","UNIV","3","UNIVERSIDAD","INDIOS VERDES","DESPUES DE TORNIQUETES, PUENTE PEATONAL","ELEVADOR","EL",4
"343","3-VIVE-ES-1","3-VIVE","VIVE","3","VIVEROS","UNIVERSIDAD","MEZAZINE","ESCALERA ELECTROMECANICA","ES",1
"344","3-VIVE-ES-2","3-VIVE","VIVE","3","VIVEROS","UNIVERSIDAD","MEZAZINE","ESCALERA ELECTROMECANICA","ES",2
"345","3-ZAPA-EL-1","3-ZAPA","ZAPA","3","ZAPATA","ELEVADOR EXTERIOR, LADO ANDÉN DIRECCIÓN INDIOS VERDES","NO CRUZA TORINIQUETE, BAJA ANDEN4 DIRECTO","ELEVADOR","EL",1
"346","3-ZAPA-EL-2","3-ZAPA","ZAPA","3","ZAPATA","ELEVADOR EXTERIOR, LADO ANDÉN DIRECCIÓN UNIVERSIDAD","NO CRUZA TORINIQUETE, BAJA ANDEN TRANSBORDE","ELEVADOR","EL",2
"347","4-CONS-ES-1","4-CONS","CONS","4","CONSULADO","MARTIN CARRERA","TORNIQUETES","ESCALERA ELECTROMECANICA","ES",1
"348","4-CONS-ES-2","4-CONS","CONS","4","CONSULADO","SANTA ANITA","TORNIQUETES","ESCALERA ELECTROMECANICA","ES",2
"349","4-CONS-ES-3","4-CONS","CONS","4","CONSULADO","MARTIN CARRERA","TORNIQUETES","ESCALERA ELECTROMECANICA","ES",3
"350","4-CONS-ES-4","4-CONS","CONS","4","CONSULADO","SANTA ANITA","TORNIQUETES","ESCALERA ELECTROMECANICA","ES",4
"351","4-CONS-ES-5","4-CONS","CONS","4","CONSULADO","MARTIN CARRERA","TORNIQUETES","ESCALERA ELECTROMECANICA","ES",5
"352","4-CONS-ES-6","4-CONS","CONS","4","CONSULADO","SANTA ANITA","ANDEN","ESCALERA ELECTROMECANICA","ES",6
"353","4-CONS-ES-7","4-CONS","CONS","4","CONSULADO","MARTIN CARRERA","ANDEN","ESCALERA ELECTROMECANICA","ES",7
"354","4-CONS-ES-8","4-CONS","CONS","4","CONSULADO","SANTA ANITA","ANDEN","ESCALERA ELECTROMECANICA","ES",8
"355","4-CONS-ES-9","4-CONS","CONS","4","CONSULADO","MARTIN CARRERA","ANDEN","ESCALERA ELECTROMECANICA","ES",9
"356","4-FRSE-ES-1","4-FRSE","FRSE","4","FRAY SERVANDO","MARTIN CARRERA","ANDEN","ESCALERA ELECTROMECANICA","ES",1
"357","4-FRSE-ES-2","4-FRSE","FRSE","4","FRAY SERVANDO","SANTA ANITA","ANDEN","ESCALERA ELECTROMECANICA","ES",2
"358","4-JAMA-ES-1","4-JAMA","JAMA","4","JAMAICA","TACUBAYA","PASILLO DE CORRESPONDENCIA L-4  L-9","ESCALERA ELECTROMECANICA","ES",1
"359","4-JAMA-ES-2","4-JAMA","JAMA","4","JAMAICA","SANTA ANITA","ANDEN DESPUES DE TORNIQUETES","ESCALERA ELECTROMECANICA","ES",2
"360","4-JAMA-ES-3","4-JAMA","JAMA","4","JAMAICA","MARTIN CARRERA","MEZAZINE","ESCALERA ELECTROMECANICA","ES",3
"361","4-JAMA-ES-4","4-JAMA","JAMA","4","JAMAICA","TACUBAYA","PASILLO CORRESPONDENCIA JUNTO CON PERMANENCIA DE RED CONTRA INCENDIOS","ESCALERA ELECTROMECANICA","ES",4
"362","4-JAMA-ES-5","4-JAMA","JAMA","4","JAMAICA","SANTA ANITA","PASILLO DE CORRESPONDENCIA L-4 L-9","ESCALERA ELECTROMECANICA","ES",5
"363","4-JAMA-ES-6","4-JAMA","JAMA","4","JAMAICA","MARTIN CARRERA","PASILLO DE CORRESPONDENCIA L-4 L-9","ESCALERA ELECTROMECANICA","ES",6
"364","4-MORE-ES-1","4-MORE","MORE","4","MORELOS","MARTIN CARRERA","ANDEN","ESCALERA ELECTROMECANICA","ES",1
"365","4-MORE-ES-2","4-MORE","MORE","4","MORELOS","SANTA ANITA","ANDEN","ESCALERA ELECTROMECANICA","ES",2
"366","4-SAAN-ES-1","4-SAAN","SAAN","4","SANTA ANITA","MARTIN CARRERA","ANDEN","ESCALERA ELECTROMECANICA","ES",1
"367","4-SAAN-ES-2","4-SAAN","SAAN","4","SANTA ANITA","MARTIN CARRERA","ANDEN","ESCALERA ELECTROMECANICA","ES",2
"368","4-SAAN-ES-3","4-SAAN","SAAN","4","SANTA ANITA","SANTA ANITA","ANDEN","ESCALERA ELECTROMECANICA","ES",3
"369","4-SAAN-ES-4","4-SAAN","SAAN","4","SANTA ANITA","SANTA ANITA","ANDEN","ESCALERA ELECTROMECANICA","ES",4
"370","5-AUNO-EL-1","5-AUNO","AUNO","5","AUTOBUSES DEL NORTE","ANDEN DIRECCIÓN POLITECNICO","CENTRAL DE AUTOBUSES A ANTES DE TORNIQUETES","ELEVADOR","EL",1
"371","5-AUNO-EL-2","5-AUNO","AUNO","5","AUTOBUSES DEL NORTE","ANDEN DIRECCION PANTITLAN","DESPUES DE TORNIQUETES BAJA A ANDEN","ELEVADOR","EL",2
"372","5-AUNO-EL-3","5-AUNO","AUNO","5","AUTOBUSES DEL NORTE","EXTERIOR","DESPUES DE TORNIQUETES BAJA A ANDEN","ELEVADOR","EL",3
"373","5-POLI-EL-1","5-POLI","POLI","5","POLITÉCNICO","EXTERIOR","BAJA A ESTACIÓN","ELEVADOR","EL",1
"374","5-POLI-EL-2","5-POLI","POLI","5","POLITÉCNICO","ANDEN LLEGADA","SUBE A ESTACION","ELEVADOR","EL",2
"375","5-POLI-EL-3","5-POLI","POLI","5","POLITÉCNICO","ANDEN SALIDA","SUBE A ANDEN","ELEVADOR","EL",3
"376","5-RAZA-EL-1","5-RAZA","RAZA","5","LA RAZA","ANDEN DIRECCION POLITECNICO","DENTRO DE ESTACIÓN, LLEGAN A ANDEN","ELEVADOR","EL",1
"377","5-RAZA-EL-2","5-RAZA","RAZA","5","LA RAZA","ANDEN DIRECCION PANTITLAN","DENTRO DE ESTACIÓN, LLEGAN A ANDEN","ELEVADOR","EL",2
"378","6-BASI-ES-1","6-BASI","BASI","6","LA VILLA/BASILICA","MARTIN CARRERA","ANTES DE TORNIQUETES","ESCALERA ELECTROMECANICA","ES",1
"379","6-DEMA-ES-1","6-DEMA","DEMA","6","DEPORTIVO 18 DE MARZO","EL ROSARIO","ANDEN","ESCALERA ELECTROMECANICA","ES",1
"380","6-DEMA-ES-2","6-DEMA","DEMA","6","DEPORTIVO 18 DE MARZO","MARTIN CARRERA","ANDEN","ESCALERA ELECTROMECANICA","ES",2
"381","6-MACA-ES-1","6-MACA","MACA","6","MARTIN CARRERA","MARTIN CARRERA","DESPUES DE TORNIQUETES","ESCALERA ELECTROMECANICA","ES",1
"382","6-ROSA-EL-1","6-ROSA","ROSA","6","EL ROSARIO","MARTIN CARRERA","ANDEN","ELEVADOR","EL",1
"383","6-ROSA-EL-2","6-ROSA","ROSA","6","EL ROSARIO","ROSARIO","ANDEN","ELEVADOR","EL",2
"384","7-AQSE-ES-1","7-AQSE","AQSE","7","AQUILES SERDAN","ROSARIO","MEZAZINE","ESCALERA ELECTROMECANICA","ES",1
"385","7-AQSE-ES-2","7-AQSE","AQSE","7","AQUILES SERDAN","BARRANCA DEL MUERTO","SALIDA ANDEN","ESCALERA ELECTROMECANICA","ES",2
"386","7-AQSE-ES-3","7-AQSE","AQSE","7","AQUILES SERDAN","BARRANCA DEL MUERTO","SALIDA ANDEN","ESCALERA ELECTROMECANICA","ES",3
"387","7-AQSE-ES-4","7-AQSE","AQSE","7","AQUILES SERDAN","BARRANCA DEL MUERTO","MEZAZINE","ESCALERA ELECTROMECANICA","ES",4
"388","7-AQSE-ES-5","7-AQSE","AQSE","7","AQUILES SERDAN","ROSARIO","MEZAZINE","ESCALERA ELECTROMECANICA","ES",5
"389","7-AQSE-ES-6","7-AQSE","AQSE","7","AQUILES SERDAN","ROSARIO","MEZAZINE","ESCALERA ELECTROMECANICA","ES",6
"390","7-AQSE-ES-7","7-AQSE","AQSE","7","AQUILES SERDAN","ROSARIO","MEZAZINE","ESCALERA ELECTROMECANICA","ES",7
"391","7-AQSE-ES-8","7-AQSE","AQSE","7","AQUILES SERDAN","BARRANCA DEL MUERTO","MEZAZINE","ESCALERA ELECTROMECANICA","ES",8
"392","7-AQSE-ES-9","7-AQSE","AQSE","7","AQUILES SERDAN","BARRANCA DEL MUERTO","MEZAZINE","ESCALERA ELECTROMECANICA","ES",9
"393","7-AQSE-ES-10","7-AQSE","AQSE","7","AQUILES SERDAN","BARRANCA DEL MUERTO","MEZAZINE","ESCALERA ELECTROMECANICA","ES",10
"394","7-AQSE-ES-11","7-AQSE","AQSE","7","AQUILES SERDAN","ROSARIO","SALIDA ANDEN","ESCALERA ELECTROMECANICA","ES",11
"395","7-AQSE-ES-12","7-AQSE","AQSE","7","AQUILES SERDAN","ROSARIO","SALIDA ANDEN","ESCALERA ELECTROMECANICA","ES",12
"396","7-AUDI-ES-1","7-AUDI","AUDI","7","AUDITORIO","BARRANCA DEL MUERTO","ANDEN","ESCALERA ELECTROMECANICA","ES",1
"397","7-AUDI-ES-2","7-AUDI","AUDI","7","AUDITORIO","ROSARIO","ANDEN","ESCALERA ELECTROMECANICA","ES",2
"398","7-AUDI-ES-3","7-AUDI","AUDI","7","AUDITORIO","EL ROSARIO","SALIDA ANDEN","ESCALERA ELECTROMECANICA","ES",3
"399","7-AUDI-ES-4","7-AUDI","AUDI","7","AUDITORIO","BARRANCA DEL MUERTO","MEZAZINE","ESCALERA ELECTROMECANICA","ES",4
"400","7-AUDI-ES-5","7-AUDI","AUDI","7","AUDITORIO","BARRANCA DEL MUERTO","SALIDA ANDEN","ESCALERA ELECTROMECANICA","ES",5
"401","7-AUDI-ES-6","7-AUDI","AUDI","7","AUDITORIO","BARRANCA DEL MUERTO","SALIDA ANDEN","ESCALERA ELECTROMECANICA","ES",6
"402","7-AUDI-ES-7","7-AUDI","AUDI","7","AUDITORIO","EL ROSARIO","MEZAZINE","ESCALERA ELECTROMECANICA","ES",7
"403","7-AUDI-ES-8","7-AUDI","AUDI","7","AUDITORIO","EL ROSARIO","MEZAZINE","ESCALERA ELECTROMECANICA","ES",8
"404","7-BAMU-ES-1","7-BAMU","BAMU","7","BARRANCA DEL MUERTO","ROSARIO","MEDIO","ESCALERA ELECTROMECANICA","ES",1
"405","7-BAMU-ES-2","7-BAMU","BAMU","7","BARRANCA DEL MUERTO","BARRANCA DEL MUERTO","MEZAZINE","ESCALERA ELECTROMECANICA","ES",2
"406","7-BAMU-ES-3","7-BAMU","BAMU","7","BARRANCA DEL MUERTO","BARRANCA DEL MUERTO","ANDEN","ESCALERA ELECTROMECANICA","ES",3
"407","7-BAMU-ES-4","7-BAMU","BAMU","7","BARRANCA DEL MUERTO","ROSARIO","MEDIO","ESCALERA ELECTROMECANICA","ES",4
"408","7-BAMU-ES-5","7-BAMU","BAMU","7","BARRANCA DEL MUERTO","ROSARIO","SALIDA","ESCALERA ELECTROMECANICA","ES",5
"409","7-BAMU-ES-6","7-BAMU","BAMU","7","BARRANCA DEL MUERTO","EL ROSARIO","DESPUES DE TORNIQUETES","ESCALERA ELECTROMECANICA","ES",6
"410","7-BAMU-ES-7","7-BAMU","BAMU","7","BARRANCA DEL MUERTO","EL ROSARIO","SALIDA ANDEN","ESCALERA ELECTROMECANICA","ES",7
"411","7-BAMU-ES-8","7-BAMU","BAMU","7","BARRANCA DEL MUERTO","BARRANCA DEL MUERTO","SALIDA ANDEN","ESCALERA ELECTROMECANICA","ES",8
"412","7-BAMU-ES-9","7-BAMU","BAMU","7","BARRANCA DEL MUERTO","BARRANCA DEL MUERTO","SALIDA ANDEN","ESCALERA ELECTROMECANICA","ES",9
"413","7-BAMU-ES-10","7-BAMU","BAMU","7","BARRANCA DEL MUERTO","BARRANCA DEL MUERTO","MEZAZINE","ESCALERA ELECTROMECANICA","ES",10
"414","7-CAMA-ES-1","7-CAMA","CAMA","7","CAMARONES","BARRANCA DEL MUERTO","MEZAZINE","ESCALERA ELECTROMECANICA","ES",1
"415","7-CAMA-ES-2","7-CAMA","CAMA","7","CAMARONES","ROSARIO","MEZAZINE","ESCALERA ELECTROMECANICA","ES",2
"416","7-CAMA-ES-3","7-CAMA","CAMA","7","CAMARONES","ROSARIO","MEZAZINE","ESCALERA ELECTROMECANICA","ES",3
"417","7-CAMA-ES-4","7-CAMA","CAMA","7","CAMARONES","ROSARIO","MEZAZINE","ESCALERA ELECTROMECANICA","ES",4
"418","7-CAMA-ES-5","7-CAMA","CAMA","7","CAMARONES","BARRANCA DEL MUERTO","SALIDA ANDEN","ESCALERA ELECTROMECANICA","ES",5
"419","7-CAMA-ES-6","7-CAMA","CAMA","7","CAMARONES","BARRANCA DEL MUERTO","SALIDA ANDEN","ESCALERA ELECTROMECANICA","ES",6
"420","7-CAMA-ES-7","7-CAMA","CAMA","7","CAMARONES","ROSARIO","SALIDA ANDEN","ESCALERA ELECTROMECANICA","ES",7
"421","7-CAMA-ES-8","7-CAMA","CAMA","7","CAMARONES","ROSARIO","SALIDA ANDEN","ESCALERA ELECTROMECANICA","ES",8
"422","7-CAMA-ES-9","7-CAMA","CAMA","7","CAMARONES","BARRANCA DEL MUERTO","MEZAZINE","ESCALERA ELECTROMECANICA","ES",9
"423","7-CAMA-ES-10","7-CAMA","CAMA","7","CAMARONES","BARRANCA DEL MUERTO","MEZAZINE","ESCALERA ELECTROMECANICA","ES",10
"424","7-CAMA-ES-11","7-CAMA","CAMA","7","CAMARONES","BARRANCA DEL MUERTO","MEZAZINE","ESCALERA ELECTROMECANICA","ES",11
"425","7-CAMA-ES-12","7-CAMA","CAMA","7","CAMARONES","BARRANCA DEL MUERTO","MEZAZINE","ESCALERA ELECTROMECANICA","ES",12
"426","7-CAMA-ES-13","7-CAMA","CAMA","7","CAMARONES","BARRANCA DEL MUERTO","MEZAZINE","ESCALERA ELECTROMECANICA","ES",13
"427","7-CAMA-ES-14","7-CAMA","CAMA","7","CAMARONES","ROSARIO","MEZAZINE","ESCALERA ELECTROMECANICA","ES",14
"428","7-CAMA-ES-15","7-CAMA","CAMA","7","CAMARONES","ROSARIO","MEZAZINE","ESCALERA ELECTROMECANICA","ES",15
"429","7-CAMA-ES-16","7-CAMA","CAMA","7","CAMARONES","ROSARIO","MEZAZINE","ESCALERA ELECTROMECANICA","ES",16
"430","7-CONS-ES-1","7-CONS","CONS","7","CONSTITUYENTES","BARRANCA DEL B","TORNIQUETES","ESCALERA ELECTROMECANICA","ES",1
"431","7-CONS-ES-2","7-CONS","CONS","7","CONSTITUYENTES","EL ROSARIO","SALIDA ANDEN","ESCALERA ELECTROMECANICA","ES",2
"432","7-CONS-ES-3","7-CONS","CONS","7","CONSTITUYENTES","EL ROSARIO","SALIDA","ESCALERA ELECTROMECANICA","ES",3
"433","7-CONS-ES-4","7-CONS","CONS","7","CONSTITUYENTES","EL ROSARIO","SALIDA","ESCALERA ELECTROMECANICA","ES",4
"434","7-CONS-ES-5","7-CONS","CONS","7","CONSTITUYENTES","BARRANCA DEL B","TORNIQUETES","ESCALERA ELECTROMECANICA","ES",5
"435","7-CONS-ES-6","7-CONS","CONS","7","CONSTITUYENTES","BARRANCA DEL MUERTO","MEZAZINE","ESCALERA ELECTROMECANICA","ES",6
"436","7-CONS-ES-7","7-CONS","CONS","7","CONSTITUYENTES","BARRANCA DEL MUERTO","MEZAZINE","ESCALERA ELECTROMECANICA","ES",7
"437","7-CONS-ES-8","7-CONS","CONS","7","CONSTITUYENTES","BARRANCA DEL MUERTO","SALIDA ANDEN","ESCALERA ELECTROMECANICA","ES",8
"438","7-CONS-ES-9","7-CONS","CONS","7","CONSTITUYENTES","BARRANCA DEL MUERTO","SALIDA ANDEN","ESCALERA ELECTROMECANICA","ES",9
"439","7-CONS-ES-10","7-CONS","CONS","7","CONSTITUYENTES","EL ROSARIO","MEZAZINE","ESCALERA ELECTROMECANICA","ES",10
"440","7-CONS-ES-11","7-CONS","CONS","7","CONSTITUYENTES","EL ROSARIO","MEZAZINE","ESCALERA ELECTROMECANICA","ES",11
"441","7-CONS-ES-12","7-CONS","CONS","7","CONSTITUYENTES","EL ROSARIO","SALIDA ANDEN","ESCALERA ELECTROMECANICA","ES",12
"442","7-MIXC-ES-1","7-MIXC","MIXC","7","MIXCOAC","EL ROSARIO","SALIDA","ESCALERA ELECTROMECANICA","ES",1
"443","7-MIXC-ES-2","7-MIXC","MIXC","7","MIXCOAC","BARRANCA DEL MUERTO","DESPUES DE TORNIQUETES SALIDA","ESCALERA ELECTROMECANICA","ES",2
"444","7-MIXC-ES-3","7-MIXC","MIXC","7","MIXCOAC","BARRANCA DEL MUERTO","MEZAZINE","ESCALERA ELECTROMECANICA","ES",3
"445","7-MIXC-ES-4","7-MIXC","MIXC","7","MIXCOAC","BARRANCA DEL MUERTO","MEZAZINE","ESCALERA ELECTROMECANICA","ES",4
"446","7-MIXC-ES-5","7-MIXC","MIXC","7","MIXCOAC","BARRANCA DEL MUERTO","SALIDA ANDEN","ESCALERA ELECTROMECANICA","ES",5
"447","7-MIXC-ES-6","7-MIXC","MIXC","7","MIXCOAC","EL ROSARIO","MEZAZINE","ESCALERA ELECTROMECANICA","ES",6
"448","7-MIXC-ES-7","7-MIXC","MIXC","7","MIXCOAC","EL ROSARIO","MEZAZINE","ESCALERA ELECTROMECANICA","ES",7
"449","7-MIXC-ES-8","7-MIXC","MIXC","7","MIXCOAC","BARRANCA DEL MUERTO","SALIDA ANDEN","ESCALERA ELECTROMECANICA","ES",8
"450","7-MIXC-ES-9","7-MIXC","MIXC","7","MIXCOAC","BARRANCA DEL MUERTO","SALIDA ANDEN","ESCALERA ELECTROMECANICA","ES",9
"451","7-MIXC-ES-10","7-MIXC","MIXC","7","MIXCOAC","EL ROSARIO","DESPUES DE TORNIQUETES SALIDA","ESCALERA ELECTROMECANICA","ES",10
"452","7-POLA-ES-1","7-POLA","POLA","7","POLANCO","BARRANCA DEL MUERTO","MEZAZINE","ESCALERA ELECTROMECANICA","ES",1
"453","7-POLA-ES-2","7-POLA","POLA","7","POLANCO","ROSARIO","ANDEN","ESCALERA ELECTROMECANICA","ES",2
"454","7-POLA-ES-3","7-POLA","POLA","7","POLANCO","EL ROSARIO","MEZAZINE","ESCALERA ELECTROMECANICA","ES",3
"455","7-POLA-ES-4","7-POLA","POLA","7","POLANCO","BARRANCA DEL MUERTO","MEZAZINE","ESCALERA ELECTROMECANICA","ES",4
"456","7-POLA-ES-5","7-POLA","POLA","7","POLANCO","BARRANCA DEL MUERTO","MEZAZINE","ESCALERA ELECTROMECANICA","ES",5
"457","7-POLA-ES-6","7-POLA","POLA","7","POLANCO","BARRANCA DEL MUERTO","SALIDA ANDEN","ESCALERA ELECTROMECANICA","ES",6
"458","7-POLA-ES-7","7-POLA","POLA","7","POLANCO","EL ROSARIO","SALIDA ANDEN","ESCALERA ELECTROMECANICA","ES",7
"459","7-POLA-ES-8","7-POLA","POLA","7","POLANCO","EL ROSARIO","SALIDA ANDEN","ESCALERA ELECTROMECANICA","ES",8
"460","7-REFI-ES-1","7-REFI","REFI","7","REFINERIA","ROSARIO","MEZAZINE","ESCALERA ELECTROMECANICA","ES",1
"461","7-REFI-ES-2","7-REFI","REFI","7","REFINERIA","ROSARIO","MEZAZINE","ESCALERA ELECTROMECANICA","ES",2
"462","7-REFI-ES-3","7-REFI","REFI","7","REFINERIA","ROSARIO","MEZAZINE","ESCALERA ELECTROMECANICA","ES",3
"463","7-REFI-ES-4","7-REFI","REFI","7","REFINERIA","ROSARIO","SALIDA ANDEN","ESCALERA ELECTROMECANICA","ES",4
"464","7-REFI-ES-5","7-REFI","REFI","7","REFINERIA","ROSARIO","SALIDA ANDEN","ESCALERA ELECTROMECANICA","ES",5
"465","7-REFI-ES-6","7-REFI","REFI","7","REFINERIA","ROSARIO","MEZAZINE","ESCALERA ELECTROMECANICA","ES",6
"466","7-REFI-ES-7","7-REFI","REFI","7","REFINERIA","EL ROSARIO","TERCER PISO SALIDA DESPUES DE TORNIQUETES","ESCALERA ELECTROMECANICA","ES",7
"467","7-REFI-ES-8","7-REFI","REFI","7","REFINERIA","EL ROSARIO","TERCER PISO SALIDA DESPUES DE TORNIQUETES","ESCALERA ELECTROMECANICA","ES",8
"468","7-ROSA-EL-1","7-ROSA","ROSA","7","EL ROSARIO","BARRANCA DEL MUERTO","ANDEN","ELEVADOR","EL",1
"469","7-ROSA-EL-2","7-ROSA","ROSA","7","EL ROSARIO","ROSARIO","ANDEN","ELEVADOR","EL",2
"470","7-SAAN-ES-1","7-SAAN","SAAN","7","SAN ANTONIO","EL ROSARIO","SALIDA ANDEL","ESCALERA ELECTROMECANICA","ES",1
"471","7-SAAN-ES-2","7-SAAN","SAAN","7","SAN ANTONIO","EL ROSARIO","SALIDA ANDEN","ESCALERA ELECTROMECANICA","ES",2
"472","7-SAAN-ES-3","7-SAAN","SAAN","7","SAN ANTONIO","BARRANCA DEL MUERTO","SALIDA ANDEN","ESCALERA ELECTROMECANICA","ES",3
"473","7-SAAN-ES-4","7-SAAN","SAAN","7","SAN ANTONIO","EL ROSARIO","MEZAZINE","ESCALERA ELECTROMECANICA","ES",4
"474","7-SAAN-ES-5","7-SAAN","SAAN","7","SAN ANTONIO","EL ROSARIO","MEZAZINE","ESCALERA ELECTROMECANICA","ES",5
"475","7-SAAN-ES-6","7-SAAN","SAAN","7","SAN ANTONIO","BARRANCA DEL MUERTO","MEZAZINE","ESCALERA ELECTROMECANICA","ES",6
"476","7-SAAN-ES-7","7-SAAN","SAAN","7","SAN ANTONIO","BARRANCA DEL MUERTO","MEZAZINE","ESCALERA ELECTROMECANICA","ES",7
"477","7-SAAN-ES-8","7-SAAN","SAAN","7","SAN ANTONIO","BARRANCA DEL MUERTO","SALIDA ANDEN","ESCALERA ELECTROMECANICA","ES",8
"478","7-SAJO-ES-1","7-SAJO","SAJO","7","SAN JOAQUÍN","EL ROSARIO","MEZAZINE","ESCALERA ELECTROMECANICA","ES",1
"479","7-SAJO-ES-2","7-SAJO","SAJO","7","SAN JOAQUÍN","EL ROSARIO","MEZAZINE","ESCALERA ELECTROMECANICA","ES",2
"480","7-SAJO-ES-3","7-SAJO","SAJO","7","SAN JOAQUÍN","BARRANCA DEL MUERTO","MEZAZINE","ESCALERA ELECTROMECANICA","ES",3
"481","7-SAJO-ES-4","7-SAJO","SAJO","7","SAN JOAQUÍN","BARRANCA DEL MUERTO","MEZAZINE","ESCALERA ELECTROMECANICA","ES",4
"482","7-SAJO-ES-5","7-SAJO","SAJO","7","SAN JOAQUÍN","EL ROSARIO","SALIDA ANDEN","ESCALERA ELECTROMECANICA","ES",5
"483","7-SAJO-ES-6","7-SAJO","SAJO","7","SAN JOAQUÍN","EL ROSARIO","SALIDA ANDEN","ESCALERA ELECTROMECANICA","ES",6
"484","7-SAJO-ES-7","7-SAJO","SAJO","7","SAN JOAQUÍN","BARRANCA DEL MUERTO","SALIDA ANDEN","ESCALERA ELECTROMECANICA","ES",7
"485","7-SAJO-ES-8","7-SAJO","SAJO","7","SAN JOAQUÍN","BARRANCA DEL MUERTO","SALIDA ANDEN","ESCALERA ELECTROMECANICA","ES",8
"486","7-SAJO-ES-9","7-SAJO","SAJO","7","SAN JOAQUÍN","EL ROSARIO","SALIDA DESPUES DE TORNIQUETE","ESCALERA ELECTROMECANICA","ES",9
"487","7-SAJO-ES-10","7-SAJO","SAJO","7","SAN JOAQUÍN","BARRANCA DEL MUERTO","SALIDA DESPUES DE TORNIQUETE","ESCALERA ELECTROMECANICA","ES",10
"488","7-SAPI-ES-1","7-SAPI","SAPI","7","SAN PEDRO DE LOS PINOS","BARRANCA DEL MUERTO","SALIDA ANDEN","ESCALERA ELECTROMECANICA","ES",1
"489","7-SAPI-ES-2","7-SAPI","SAPI","7","SAN PEDRO DE LOS PINOS","EL ROSARIO","DESPUES DE TORNIQUETES","ESCALERA ELECTROMECANICA","ES",2
"490","7-SAPI-ES-3","7-SAPI","SAPI","7","SAN PEDRO DE LOS PINOS","BARRANCA DEL MUERTO","SALIDA ANDEN","ESCALERA ELECTROMECANICA","ES",3
"491","7-SAPI-ES-4","7-SAPI","SAPI","7","SAN PEDRO DE LOS PINOS","EL ROSARIO","SALIDA ANDEN","ESCALERA ELECTROMECANICA","ES",4
"492","7-SAPI-ES-5","7-SAPI","SAPI","7","SAN PEDRO DE LOS PINOS","EL ROSARIO","SALIDA ANDEN","ESCALERA ELECTROMECANICA","ES",5
"493","7-SAPI-ES-6","7-SAPI","SAPI","7","SAN PEDRO DE LOS PINOS","BARRANCA DEL MUERTO","MEZAZINE","ESCALERA ELECTROMECANICA","ES",6
"494","7-SAPI-ES-7","7-SAPI","SAPI","7","SAN PEDRO DE LOS PINOS","BARRANCA DEL MUERTO","MEZAZINE","ESCALERA ELECTROMECANICA","ES",7
"495","7-SAPI-ES-8","7-SAPI","SAPI","7","SAN PEDRO DE LOS PINOS","EL ROSARIO","MEZAZINE","ESCALERA ELECTROMECANICA","ES",8
"496","7-SAPI-ES-9","7-SAPI","SAPI","7","SAN PEDRO DE LOS PINOS","EL ROSARIO","DESPUES DE TORNIQUETES","ESCALERA ELECTROMECANICA","ES",9
"497","7-SAPI-ES-10","7-SAPI","SAPI","7","SAN PEDRO DE LOS PINOS","BARRANCA DEL MUERTO","DESPUES DE TORNIQUETES","ESCALERA ELECTROMECANICA","ES",10
"498","7-TACU-ES-1","7-TACU","TACU","7","TACUBA","BARRANCA DEL MUERTO","PASILLO CORRESPONDENCIA DE LÍNEA 7 A 2","ESCALERA ELECTROMECANICA","ES",1
"499","7-TACU-ES-2","7-TACU","TACU","7","TACUBA","BARRANCA DEL MUERTO","MEZAZINE","ESCALERA ELECTROMECANICA","ES",2
"500","7-TACU-ES-3","7-TACU","TACU","7","TACUBA","EL ROSARIO","SALIDA ANDEN","ESCALERA ELECTROMECANICA","ES",3
"501","7-TACU-ES-4","7-TACU","TACU","7","TACUBA","BARRANCA DEL MUERTO","MEZAZINE","ESCALERA ELECTROMECANICA","ES",4
"502","7-TACU-ES-5","7-TACU","TACU","7","TACUBA","BARRANCA DEL MUERTO","MEZAZINE","ESCALERA ELECTROMECANICA","ES",5
"503","7-TACU-ES-6","7-TACU","TACU","7","TACUBA","EL ROSARIO","SALIDA","ESCALERA ELECTROMECANICA","ES",6
"504","7-TACU-ES-7","7-TACU","TACU","7","TACUBA","BARRANCA DEL MUERTO","PASILLO CORRESPONDENCIA DE LÍNEA 7 A 3","ESCALERA ELECTROMECANICA","ES",7
"505","7-TACU-ES-8","7-TACU","TACU","7","TACUBA","BARRANCA DEL MUERTO","TORNIQUETES","ESCALERA ELECTROMECANICA","ES",8
"506","7-TACU-ES-9","7-TACU","TACU","7","TACUBA","BARRANCA DEL MUERTO","MEZAZINE","ESCALERA ELECTROMECANICA","ES",9
"507","7-TACU-ES-10","7-TACU","TACU","7","TACUBA","ROSARIO","TORNIQUETES","ESCALERA ELECTROMECANICA","ES",10
"508","7-TACU-ES-11","7-TACU","TACU","7","TACUBA","ROSARIO","MEZAZINE","ESCALERA ELECTROMECANICA","ES",11
"509","7-TACU-ES-12","7-TACU","TACU","7","TACUBA","ROSARIO","TORNIQUETES","ESCALERA ELECTROMECANICA","ES",12
"510","7-TACU-ES-13","7-TACU","TACU","7","TACUBA","ROSARIO","MEZAZINE","ESCALERA ELECTROMECANICA","ES",13
"511","7-TACU-ES-14","7-TACU","TACU","7","TACUBA","BARRANCA DEL MUERTO","TORNIQUETES","ESCALERA ELECTROMECANICA","ES",14
"512","7-TAYA-ES-1","7-TAYA","TAYA","7","TACUBAYA","ROSARIO","MEZAZINE","ESCALERA ELECTROMECANICA","ES",1
"513","7-TAYA-ES-2","7-TAYA","TAYA","7","TACUBAYA","EL ROSARIO","MEZAZINE","ESCALERA ELECTROMECANICA","ES",2
"514","7-TAYA-ES-3","7-TAYA","TAYA","7","TACUBAYA","EL ROSARIO","MEZAZINE","ESCALERA ELECTROMECANICA","ES",3
"515","7-TAYA-ES-4","7-TAYA","TAYA","7","TACUBAYA","EL ROSARIO","DESPUES DE TORNIQUETES","ESCALERA ELECTROMECANICA","ES",4
"516","7-TAYA-ES-5","7-TAYA","TAYA","7","TACUBAYA","EL ROSARIO","DESPUES DE TORNIQUETES","ESCALERA ELECTROMECANICA","ES",5
"517","7-TAYA-ES-6","7-TAYA","TAYA","7","TACUBAYA","BARRANCA DEL MUERTO","MEZAZINE","ESCALERA ELECTROMECANICA","ES",6
"518","7-TAYA-ES-7","7-TAYA","TAYA","7","TACUBAYA","ROSARIO","MEZAZINE","ESCALERA ELECTROMECANICA","ES",7
"519","7-TAYA-ES-8","7-TAYA","TAYA","7","TACUBAYA","BARRANCA DEL MUERTO","MEZAZINE","ESCALERA ELECTROMECANICA","ES",8
"520","7-TAYA-ES-9","7-TAYA","TAYA","7","TACUBAYA","ROSARIO","ANDEN","ESCALERA ELECTROMECANICA","ES",9
"521","7-TAYA-ES-10","7-TAYA","TAYA","7","TACUBAYA","ROSARIO","ANDEN","ESCALERA ELECTROMECANICA","ES",10
"522","7-TAYA-ES-11","7-TAYA","TAYA","7","TACUBAYA","ROSARIO","MEZAZINE","ESCALERA ELECTROMECANICA","ES",11
"523","7-TAYA-ES-12","7-TAYA","TAYA","7","TACUBAYA","EL ROSARIO","SALIDA ANDEN","ESCALERA ELECTROMECANICA","ES",12
"524","7-TAYA-ES-13","7-TAYA","TAYA","7","TACUBAYA","EL ROSARIO","SALIDA ANDEN","ESCALERA ELECTROMECANICA","ES",13
"525","8-ATLA-EL-1","8-ATLA","ATLA","8","ATLALILCO","ANDÉN DIRECCIÓN GARIBALDI","EXTERIOR BAJAN AL ANDEN","ELEVADOR","EL",1
"526","8-ATLA-EL-2","8-ATLA","ATLA","8","ATLALILCO","ANDEN DIRECCIÓN CONSTITUCIÓN","EXTERIOR BAJAN AL ANDEN","ELEVADOR","EL",2
"527","8-BEAR-ES-1","8-BEAR","BEAR","8","BELLAS ARTES","ANDEN CENTRAL","ANDEN CENTRAL","ESCALERA ELECTROMECANICA","ES",1
"528","8-BEAR-ES-2","8-BEAR","BEAR","8","BELLAS ARTES","ANDEN CENTRAL","ANDEN CENTRAL","ESCALERA ELECTROMECANICA","ES",2
"529","8-BEAR-ES-3","8-BEAR","BEAR","8","BELLAS ARTES","ANDEN CENTRAL","ANDEN CENTRAL","ESCALERA ELECTROMECANICA","ES",3
"530","8-BEAR-ES-4","8-BEAR","BEAR","8","BELLAS ARTES","ANDEN CENTRAL","ANDEN CENTRAL","ESCALERA ELECTROMECANICA","ES",4
"531","8-BEAR-ES-5","8-BEAR","BEAR","8","BELLAS ARTES","ANDEN CENTRAL","ANDEN CENTRAL","ESCALERA ELECTROMECANICA","ES",5
"532","8-CHAB-ES-1","8-CHAB","CHAB","8","CHABACANO","ANDEN MEDIO","ANDEN MEDIO","ESCALERA ELECTROMECANICA","ES",1
"533","8-CHAB-ES-2","8-CHAB","CHAB","8","CHABACANO","CONSTITUCION DE 1917","CONSTITUCION DE 1917","ESCALERA ELECTROMECANICA","ES",2
"534","8-CHAB-ES-3","8-CHAB","CHAB","8","CHABACANO","ANDEN CENTRAL","ANDEN CENTRAL","ESCALERA ELECTROMECANICA","ES",3
"535","8-CHAB-EL-1","8-CHAB","CHAB","8","CHABACANO","DIRECCION CONSTITUCION","CALLE A ANTES DE TORNIQUETES","ELEVADOR","EL",1
"536","8-CHAB-EL-2","8-CHAB","CHAB","8","CHABACANO","DIRECCION GARIBALDI","LIBRA TORNIQUETE (CALLE)","ELEVADOR","EL",2
"537","8-CO19-EL-1","8-CO19","CO19","8","CONSTITUCIÓN DE 1917","ANDEN DE LLEGADA TERMINAL CONSTITUCIÓN","MEZZANINE BAJAN A ANDEN","ELEVADOR","EL",1
"538","8-CO19-EL-2","8-CO19","CO19","8","CONSTITUCIÓN DE 1917","ANDEN DE SALIDA TERMINAL CONSTITUCIÓN","MEZZANINE BAJAN A ANDEN","ELEVADOR","EL",2
"539","8-CO19-EL-3","8-CO19","CO19","8","CONSTITUCIÓN DE 1917","ELEVADOR EXTERIOR, SALIDA NOR-OTE","EXTERIOR LADO GARIBALDI","ELEVADOR","EL",3
"540","8-COYU-EL-1","8-COYU","COYU","8","COYUYA","GARIBALDI","SOBRE EL PUENTE PEATONAL","ELEVADOR","EL",1
"541","8-COYU-EL-2","8-COYU","COYU","8","COYUYA","AMBAS DIRECCIONES","ANTES DE TORNIQUETES, DETRÁS DE TAQUILLA","ELEVADOR","EL",2
"542","8-COYU-EL-3","8-COYU","COYU","8","COYUYA","CONSTITUCON DE 1917","ANTES DE TORNIQUETES, DETRÁS DE TAQUILLA","ELEVADOR","EL",3
"543","8-GARI-ES-1","8-GARI","GARI","8","GARIBALDI","BUENAVISTA","TRANSBORDE INFERIOR DIRECCION BUENAVISTA, JUNTO A TAQUILLA DESPUES DE TORNIQUETES","ESCALERA ELECTROMECANICA","ES",1
"544","8-GARI-ES-2","8-GARI","GARI","8","GARIBALDI","BUENAVISTA","TRANSBORDE INFERIOR DIRECCION BUENAVISTA","ESCALERA ELECTROMECANICA","ES",2
"545","8-GARI-ES-3","8-GARI","GARI","8","GARIBALDI","CIUDAD AZTECA","TRANSBORDE INFERIOR DIRECCION CIUDAD AZTECA","ESCALERA ELECTROMECANICA","ES",3
"546","8-GARI-ES-4","8-GARI","GARI","8","GARIBALDI","CIUDAD AZTECA","TRANSBORDE INFERIOR DIRECCION CIUDAD AZTECA","ESCALERA ELECTROMECANICA","ES",4
"547","8-IZTA-EL-1","8-IZTA","IZTA","8","IZTACALCO","ANDEN CENTRAL","LIBRA TORNIQUETE, BAJA A ANDEN","ELEVADOR","EL",1
"548","8-IZTA-EL-2","8-IZTA","IZTA","8","IZTACALCO","ELEVADOR EXTERIOR, SALIDA PTE. LADO ANDÉN DIRECCIÓN CONSTITUCIÓN","SUBE A ESTACIÓN","ELEVADOR","EL",2
"549","8-IZTA-EL-3","8-IZTA","IZTA","8","IZTACALCO","ELEVADOR EXTERIOR, SALIDA OTE. LADO ANDÉN DIRECCIÓN GARIBALDI","SUBE A ESTACIÓN","ELEVADOR","EL",3
"550","8-OCEA-EL-1","8-OCEA","OCEA","8","OCEANÍA","ANDEN DIRECCIÓN BUENAVISTA","SUBE A ANDEN","ELEVADOR","EL",1
"551","8-OCEA-EL-2","8-OCEA","OCEA","8","OCEANÍA","ANDEN DIRECCION CD. AZTECA","SUBE A ANDEN","ELEVADOR","EL",2
"552","8-SAAG-ES-1","8-SAAG","SAAG","8","SALTO DEL AGUA","GARIBALDI","MEZAZINE","ESCALERA ELECTROMECANICA","ES",1
"553","8-SAAG-ES-2","8-SAAG","SAAG","8","SALTO DEL AGUA","AMBAS DIRECCIONES","ANDEN CENTRAL","ESCALERA ELECTROMECANICA","ES",2
"554","8-SAAG-ES-3","8-SAAG","SAAG","8","SALTO DEL AGUA","AMBAS DIRECCIONES","ANDEN CENTRAL","ESCALERA ELECTROMECANICA","ES",3
"555","8-SAAG-ES-4","8-SAAG","SAAG","8","SALTO DEL AGUA","ANDEN CENTRAL","ANDEN CENTRAL","ESCALERA ELECTROMECANICA","ES",4
"556","8-SAAG-ES-5","8-SAAG","SAAG","8","SALTO DEL AGUA","ANDEN CENTRAL","ANDEN CENTRAL","ESCALERA ELECTROMECANICA","ES",5
"557","9-CEME-ES-1","9-CEME","CEME","9","CENTRO MEDICO","TACUBAYA","ANDEN  TACUBAYA","ESCALERA ELECTROMECANICA","ES",1
"558","9-CEME-ES-2","9-CEME","CEME","9","CENTRO MEDICO","TACUBAYA","ANDEN  TACUBAYA","ESCALERA ELECTROMECANICA","ES",2
"559","9-CEME-ES-3","9-CEME","CEME","9","CENTRO MEDICO","PANTITLAN","CORRESPONDENCIA L-9 A L-3","ESCALERA ELECTROMECANICA","ES",3
"560","9-CEME-ES-4","9-CEME","CEME","9","CENTRO MEDICO","PANTITLAN","ANDEN PANTITLAN","ESCALERA ELECTROMECANICA","ES",4
"561","9-CEME-ES-5","9-CEME","CEME","9","CENTRO MEDICO","TACUBAYA","ANDEN CENTRAL","ESCALERA ELECTROMECANICA","ES",5
"562","9-CEME-ES-6","9-CEME","CEME","9","CENTRO MEDICO","PANTITLAN","ANDEN PANTITLAN","ESCALERA ELECTROMECANICA","ES",6
"563","9-CEME-EL-1","9-CEME","CEME","9","CENTRO MEDICO","ANDÉN DIRECCIÓN PANTITLAN","DESPUES DE TORNIQUETES BAJA A ANDEN","ELEVADOR","EL",1
"564","9-CEME-EL-2","9-CEME","CEME","9","CENTRO MEDICO","PANTITLAN","ANDEN CENTRAL","ELEVADOR","EL",2
"565","9-CEME-EL-3","9-CEME","CEME","9","CENTRO MEDICO","TACUBAYA","ANDEN CENTRAL","ELEVADOR","EL",3
"566","9-CHAB-ES-1","9-CHAB","CHAB","9","CHABACANO","ANDEN CENTRAL","ANDEN CENTRAL","ESCALERA ELECTROMECANICA","ES",1
"567","9-CHAB-ES-2","9-CHAB","CHAB","9","CHABACANO","TACUBAYA","PASILLO CORRESPONDECIA L-9 Y L-12","ESCALERA ELECTROMECANICA","ES",2
"568","9-CHAB-ES-3","9-CHAB","CHAB","9","CHABACANO","CONSTITUCION DE 1917","PASILLO CORRESPONDECIA L-9 Y L-13","ESCALERA ELECTROMECANICA","ES",3
"569","9-CHAB-ES-4","9-CHAB","CHAB","9","CHABACANO","CUATRO CAMINOS","PASILLO CORRESPONDECIA L-9 Y L-14","ESCALERA ELECTROMECANICA","ES",4
"570","9-CHAB-ES-5","9-CHAB","CHAB","9","CHABACANO","TASQUEÑA","PASILLO CORRESPONDECIA L-9 Y L-15","ESCALERA ELECTROMECANICA","ES",5
"571","9-CHAB-EL-1","9-CHAB","CHAB","9","CHABACANO","CONSTITUCON DE 1917","PASILLO DE CORRESPONDENCIA CERCA DESPUES DE TORNIQUETES, CERCA DE TAQUILLA","ELEVADOR","EL",1
"572","9-CHAB-EL-2","9-CHAB","CHAB","9","CHABACANO","GARIBALDI","ANDEN, SALIDA CON RAMPA","ELEVADOR","EL",2
"573","9-CHAB-ES-6","9-CHAB","CHAB","9","CHABACANO","ANDEN CENTRAL","ANDEN CENTRAL","ESCALERA ELECTROMECANICA","ES",6
"574","9-CHAB-ES-7","9-CHAB","CHAB","9","CHABACANO","TACUBAYA","ANDEN CENTRAL PASARELA","ESCALERA ELECTROMECANICA","ES",7
"575","9-CHAB-ES-8","9-CHAB","CHAB","9","CHABACANO","TACUBAYA","ANDEN CENTRAL PASARELA","ESCALERA ELECTROMECANICA","ES",8
"576","9-CHAB-ES-9","9-CHAB","CHAB","9","CHABACANO","TACUBAYA","ANDEN CENTRAL","ESCALERA ELECTROMECANICA","ES",9
"577","9-CHAB-ES-10","9-CHAB","CHAB","9","CHABACANO","CUATRO CAMINOS","PASILLO CORRESPONDECIA L-9 Y L-8","ESCALERA ELECTROMECANICA","ES",10
"578","9-CHAB-ES-11","9-CHAB","CHAB","9","CHABACANO","CUATRO CAMINOS","PASILLO CORRESPONDECIA L-9 Y L-9","ESCALERA ELECTROMECANICA","ES",11
"579","9-CHAB-ES-12","9-CHAB","CHAB","9","CHABACANO","TACUBAYA","PASILLO CORRESPONDECIA L-9 Y L-10","ESCALERA ELECTROMECANICA","ES",12
"580","9-CHAB-ES-13","9-CHAB","CHAB","9","CHABACANO","CONSTITUCION DE 1917","PASILLO CORRESPONDECIA L-9 Y L-11","ESCALERA ELECTROMECANICA","ES",13
"581","9-CHIL-ES-1","9-CHIL","CHIL","9","CHILPANCINGO","PANTITLAN","ANDEN PANTITLAN","ESCALERA ELECTROMECANICA","ES",1
"582","9-CHIL-ES-2","9-CHIL","CHIL","9","CHILPANCINGO","PANTITLAN","ANDEN PANTITLAN","ESCALERA ELECTROMECANICA","ES",2
"583","9-CHIL-ES-3","9-CHIL","CHIL","9","CHILPANCINGO","TACUBAYA","ANDEN","ESCALERA ELECTROMECANICA","ES",3
"584","9-CHIL-ES-4","9-CHIL","CHIL","9","CHILPANCINGO","TACUBAYA","ANDEN","ESCALERA ELECTROMECANICA","ES",4
"585","9-CIDE-ES-1","9-CIDE","CIDE","9","CIUDAD DEPORTIVA","PANTITLAN","ANDEN","ESCALERA ELECTROMECANICA","ES",1
"586","9-CIDE-ES-2","9-CIDE","CIDE","9","CIUDAD DEPORTIVA","TACUBAYA","ANDEN","ESCALERA ELECTROMECANICA","ES",2
"587","9-CIDE-EL-1","9-CIDE","CIDE","9","CIUDAD DEPORTIVA","ANDÉN DIRECCIÓN PANTITLAN","CALLE A ANTES DE TONRNIQUETES","ELEVADOR","EL",1
"588","9-CIDE-EL-2","9-CIDE","CIDE","9","CIUDAD DEPORTIVA","PIE DE ANDÉN DIRECCIÓN TACUBAYA","PUENTE PARA CRUCE","ELEVADOR","EL",2
"589","9-CIDE-EL-3","9-CIDE","CIDE","9","CIUDAD DEPORTIVA","CABECERA DE ANDÉN DIRECCIÓN PANTITLÁN","PUENTE PARA CRUCE","ELEVADOR","EL",3
"590","9-JAMA-ES-1","9-JAMA","JAMA","9","JAMAICA","PANTITLAN","ANDEN","ESCALERA ELECTROMECANICA","ES",1
"591","9-JAMA-ES-2","9-JAMA","JAMA","9","JAMAICA","TACUBAYA","ANDEN","ESCALERA ELECTROMECANICA","ES",2
"592","9-PANT-ES-1","9-PANT","PANT","9","PANTITLAN","ANDEN CENTRAL","ANDEN CENTRAL","ESCALERA ELECTROMECANICA","ES",1
"593","9-PANT-ES-2","9-PANT","PANT","9","PANTITLAN","ANDEN CENTRAL","ANDEN CENTRAL","ESCALERA ELECTROMECANICA","ES",2
"594","9-PANT-ES-3","9-PANT","PANT","9","PANTITLAN","ANDEN CENTRAL","ANDEN CENTRAL","ESCALERA ELECTROMECANICA","ES",3
"595","9-PANT-ES-4","9-PANT","PANT","9","PANTITLAN","ANDEN CENTRAL","ANDEN CENTRAL","ESCALERA ELECTROMECANICA","ES",4
"596","9-PANT-ES-5","9-PANT","PANT","9","PANTITLAN","ANDEN CENTRAL","ANDEN CENTRAL","ESCALERA ELECTROMECANICA","ES",5
"597","9-PATR-ES-1","9-PATR","PATR","9","PATRIOTISMO","PANTITLAN","ANDEN","ESCALERA ELECTROMECANICA","ES",1
"598","9-PATR-ES-2","9-PATR","PATR","9","PATRIOTISMO","PANTITLAN","ANDEN PANTITLAN","ESCALERA ELECTROMECANICA","ES",2
"599","9-PATR-ES-3","9-PATR","PATR","9","PATRIOTISMO","TACUBAYA","ANDEN","ESCALERA ELECTROMECANICA","ES",3
"600","9-PATR-ES-4","9-PATR","PATR","9","PATRIOTISMO","TACUBAYA","ANDEN","ESCALERA ELECTROMECANICA","ES",4
"601","9-PUEB-ES-1","9-PUEB","PUEB","9","PUEBLA","PANTITLAN","ANDEN","ESCALERA ELECTROMECANICA","ES",1
"602","9-PUEB-ES-2","9-PUEB","PUEB","9","PUEBLA","TACUBAYA","ANDEN","ESCALERA ELECTROMECANICA","ES",2
"603","9-TAYA-ES-1","9-TAYA","TAYA","9","TACUBAYA","PANTITLAN","PASILLO DE CORRESPONDENCIA L-1 Y L-9","ESCALERA ELECTROMECANICA","ES",1
"604","9-TAYA-ES-2","9-TAYA","TAYA","9","TACUBAYA","PANTITLAN","PASILLO DE CORRESPONDENCIA L-1 Y L-10","ESCALERA ELECTROMECANICA","ES",2
"605","9-TAYA-ES-3","9-TAYA","TAYA","9","TACUBAYA","PANTITLAN","PASILLO DE CORRESPONDENCIA L-1 Y L-11","ESCALERA ELECTROMECANICA","ES",3
"606","9-TAYA-ES-4","9-TAYA","TAYA","9","TACUBAYA","PANTITLAN","PASILLO DE CORRESPONDENCIA L-1 Y L-12","ESCALERA ELECTROMECANICA","ES",4
"607","9-TAYA-ES-5","9-TAYA","TAYA","9","TACUBAYA","PANTITLAN","PASILLO DE CORRESPONDENCIA L-1 Y L-13","ESCALERA ELECTROMECANICA","ES",5
"608","9-VELO-ES-1","9-VELO","VELO","9","VELODROMO","PANTITLAN","ANDEN","ESCALERA ELECTROMECANICA","ES",1
"609","9-VELO-ES-2","9-VELO","VELO","9","VELODROMO","TACUBAYA","ANDEN","ESCALERA ELECTROMECANICA","ES",2
"610","9-VELO-EL-1","9-VELO","VELO","9","VELODROMO","ANDÉN DIRECCIÓN TACUBAYA","EXTERIOR SUBE A ANDEN","ELEVADOR","EL",1
"611","A-LAPA-EL-1","A-LAPA","LAPA","A","LA PAZ","LA PAZ","ANDEN","ELEVADOR","EL",1
"612","A-LAPA-EL-2","A-LAPA","LAPA","A","LA PAZ","LA PAZ","SALIDA","ELEVADOR","EL",2
"613","A-LAPA-EL-3","A-LAPA","LAPA","A","LA PAZ","LA PAZ","PARADERO","ELEVADOR","EL",3
"614","A-PANT-EL-1","A-PANT","PANT","A","PANTITLAN","PANTITLAN","ANDEN ESTACION CORRESPONDENCIA L-A A L-1","ELEVADOR","EL",1
"615","A-PANT-EL-2","A-PANT","PANT","A","PANTITLAN","LA PAZ","ANDEN CENTRAL","ELEVADOR","EL",2
"616","A-SAMA-EL-1","A-SAMA","SAMA","A","SANTA MARTA","LA PAZ","PARADERO","ELEVADOR","EL",1
"617","A-SAMA-EL-2","A-SAMA","SAMA","A","SANTA MARTA","LA PAZ","PARADERO","ELEVADOR","EL",2
"618","A-TEPA-EL-1","A-TEPA","TEPA","A","TEPALCATES","AMBAS DIRECCIONES","ANDEN MEDIO","ELEVADOR","EL",1
"619","B-BUEN-EL-1","B-BUEN","BUEN","B","BUENAVISTA","CUIDAD AZTECA","PEGADO A TAQUILLA","ELEVADOR","EL",1
"620","B-BUEN-EL-2","B-BUEN","BUEN","B","BUENAVISTA","BUENAVISTA","PASILLO SALIDA A LA BIBLIOTECA VASCONCELOS","ELEVADOR","EL",2
"621","B-CIAZ-EL-1","B-CIAZ","CIAZ","B","CIUDAD AZTECA","AMBAS DIRECCIONES","ANDEN CENTRAL","ELEVADOR","EL",1
"622","B-CIAZ-EL-2","B-CIAZ","CIAZ","B","CIUDAD AZTECA","AMBAS DIRECCIONES","ANDEN CENTRAL","ELEVADOR","EL",2
"623","B-ECAT-EL-1","B-ECAT","ECAT","B","ECATEPEC","CIUDAD AZTECA","ANTES DE TORNIQUETES","ELEVADOR","EL",1
"624","B-ECAT-EL-2","B-ECAT","ECAT","B","ECATEPEC","BUENAVISTA","ANTES DE TORNIQUETES","ELEVADOR","EL",2
"625","B-ECAT-EL-3","B-ECAT","ECAT","B","ECATEPEC","NIVEL CALLE","PUENTE PEATONAL","ELEVADOR","EL",3
"626","B-GARI-ES-1","B-GARI","GARI","B","GARIBALDI","PASILLO DE CORRESPONDENCIA","PASILLO DE CORRESPONDECIA L-8 Y L-B","ESCALERA ELECTROMECANICA","ES",1
"627","B-GARI-ES-2","B-GARI","GARI","B","GARIBALDI","PASILLO DE CORRESPONDENCIA","PASILLO DE CORRESPONDECIA L-8 Y L-B","ESCALERA ELECTROMECANICA","ES",2
"628","B-GUER-ES-1","B-GUER","GUER","B","GUERRERO","CIUDAD AZTECA","ANDEN","ESCALERA ELECTROMECANICA","ES",1
"629","B-GUER-ES-2","B-GUER","GUER","B","GUERRERO","CIUDAD AZTECA","ANDEN","ESCALERA ELECTROMECANICA","ES",2
"630","B-GUER-ES-3","B-GUER","GUER","B","GUERRERO","BUENAVISTA","ANDEN","ESCALERA ELECTROMECANICA","ES",3
"631","B-GUER-ES-4","B-GUER","GUER","B","GUERRERO","BUENAVISTA","ANDEN","ESCALERA ELECTROMECANICA","ES",4
"632","B-LIND-EL-1","B-LIND","LIND","B","LINDAVISTA","CIUDAD AZTECA","ANDEN","ELEVADOR","EL",1
"633","B-LIND-EL-2","B-LIND","LIND","B","LINDAVISTA","BUENAVISTA","ANDEN","ELEVADOR","EL",2
"634","B-MORE-ES-1","B-MORE","MORE","B","MORELOS","CUIDAD AZTECA","ANDEN","ESCALERA ELECTROMECANICA","ES",1
"635","B-MORE-ES-2","B-MORE","MORE","B","MORELOS","BUENAVISTA","ANDEN","ESCALERA ELECTROMECANICA","ES",2
"636","B-PLAR-EL-1","B-PLAR","PLAR","B","PLAZA ARAGÓN","AMBAS DIRECCIONES","ANDEN CENTRAL","ELEVADOR","EL",1
"637","B-PLAR-EL-2","B-PLAR","PLAR","B","PLAZA ARAGÓN","AMBAS DIRECCIONES","ANDEN CENTRAL","ELEVADOR","EL",2
"638","B-SALA-ES-1","B-SALA","SALA","B","SAN LÁZARO","BUENAVISTA","ANDEN","ESCALERA ELECTROMECANICA","ES",1
"639","B-SALA-ES-2","B-SALA","SALA","B","SAN LÁZARO","CUIDAD AZTECA","ANDEN","ESCALERA ELECTROMECANICA","ES",2
"640","B-SALA-ES-3","B-SALA","SALA","B","SAN LÁZARO","CUIDAD AZTECA","PASILLO DE CORRESPONDENCIA L-1 L-2B","ESCALERA ELECTROMECANICA","ES",3
"641","B-SALA-EL-1","B-SALA","SALA","B","SAN LÁZARO","ANDÉN DIRECCIÓN CIUDAD AZTECA","PUENTE PARA CRUCE","ELEVADOR","EL",1
"642","B-SALA-EL-2","B-SALA","SALA","B","SAN LÁZARO","ANDÉN DIRECCIÓN BUENAVISTA","PUENTE PARA CRUCE","ELEVADOR","EL",2
"643","B-SALA-EL-3","B-SALA","SALA","B","SAN LÁZARO","CIUDAD AZTECA","PASILLO PEATONAL, ANTES DE TORNIQUETES","ELEVADOR","EL",3
"644","B-SALA-EL-4","B-SALA","SALA","B","SAN LÁZARO","BUENAVISTA","PASILLO PEATONAL, ANTES DE TORNIQUETES","ELEVADOR","EL",4
"645","B-VIAR-EL-1","B-VIAR","VIAR","B","VILLA DE ARAGÓN","CIUDAD AZTECA","DESPUES DE TORNIQUETES","ELEVADOR","EL",1
"646","B-VIAR-EL-2","B-VIAR","VIAR","B","VILLA DE ARAGÓN","BUENAVISTA","DESPUES DE TORNIQUETES, FINAL DEL PUENTE PEATONAL","ELEVADOR","EL",2
"647","B-VIAR-EL-3","B-VIAR","VIAR","B","VILLA DE ARAGÓN","ANDEN CENTRAL","ANDEN CENTRAL","ELEVADOR","EL",3
